
*** Running vivado
    with args -log SoC_wrapper.vds -m64 -product Vivado -mode batch -messageDb vivado.pb -notrace -source SoC_wrapper.tcl



****** Vivado v2022.2 (64-bit)
  **** SW Build 3671981 on Fri Oct 14 05:00:03 MDT 2022
  **** IP Build 3669848 on Fri Oct 14 08:30:02 MDT 2022
    ** Copyright 1986-2022 Xilinx, Inc. All Rights Reserved.

source SoC_wrapper.tcl -notrace
create_project: Time (s): cpu = 00:00:13 ; elapsed = 00:00:14 . Memory (MB): peak = 1001.867 ; gain = 116.969
INFO: [IP_Flow 19-234] Refreshing IP repositories
INFO: [IP_Flow 19-1700] Loaded user IP repository 'c:/SOC_basic/day6_7_8/ip_repo'.
INFO: [IP_Flow 19-2313] Loaded Vivado IP repository 'C:/Xilinx/Vivado/2022.2/data/ip'.
update_ip_catalog: Time (s): cpu = 00:00:05 ; elapsed = 00:00:05 . Memory (MB): peak = 1045.137 ; gain = 43.270
Command: synth_design -top SoC_wrapper -part xck26-sfvc784-2LV-c
Starting synth_design
Attempting to get a license for feature 'Synthesis' and/or device 'xck26'
INFO: [Common 17-349] Got license for feature 'Synthesis' and/or device 'xck26'
INFO: [Device 21-403] Loading part xck26-sfvc784-2LV-c
INFO: [Synth 8-7079] Multithreading enabled for synth_design using a maximum of 2 processes.
INFO: [Synth 8-7078] Launching helper process for spawning children vivado processes
INFO: [Synth 8-7075] Helper process launched with PID 3740
INFO: [Synth 8-11241] undeclared symbol 'REGCCE', assumed default net type 'wire' [C:/Xilinx/Vivado/2022.2/data/verilog/src/unimacro/BRAM_SINGLE_MACRO.v:2170]
WARNING: [Synth 8-10714] extra semicolon is not allowed here in this dialect; use SystemVerilog mode instead [c:/SOC_basic/day6_7_8/SoC/SoC.gen/sources_1/bd/SoC/ipshared/f5f5/hdl/Median_Filter_IP_v1_0_S00_AXI.v:411]
WARNING: [Synth 8-11065] parameter 'MEM_ADDR_BITS' becomes localparam in 'Median_Filter_IP_v1_0_S00_AXI' with formal parameter declaration list [c:/SOC_basic/day6_7_8/SoC/SoC.gen/sources_1/bd/SoC/ipshared/f5f5/hdl/Median_Filter_IP_v1_0_S00_AXI.v:401]
WARNING: [Synth 8-11065] parameter 'BUS_ADDR_BITS' becomes localparam in 'Median_Filter_IP_v1_0_S00_AXI' with formal parameter declaration list [c:/SOC_basic/day6_7_8/SoC/SoC.gen/sources_1/bd/SoC/ipshared/f5f5/hdl/Median_Filter_IP_v1_0_S00_AXI.v:402]
WARNING: [Synth 8-11065] parameter 'DIM_BITS' becomes localparam in 'Median_Filter_IP_v1_0_S00_AXI' with formal parameter declaration list [c:/SOC_basic/day6_7_8/SoC/SoC.gen/sources_1/bd/SoC/ipshared/f5f5/hdl/Median_Filter_IP_v1_0_S00_AXI.v:403]
INFO: [Synth 8-11241] undeclared symbol 'dp_audi_ref_clk', assumed default net type 'wire' [c:/SOC_basic/day6_7_8/SoC/SoC.gen/sources_1/bd/SoC/ip/SoC_zynq_ultra_ps_e_0_0/hdl/zynq_ultra_ps_e_v3_4_1.v:2470]
---------------------------------------------------------------------------------
Starting RTL Elaboration : Time (s): cpu = 00:00:22 ; elapsed = 00:00:24 . Memory (MB): peak = 2405.422 ; gain = 331.625
---------------------------------------------------------------------------------
INFO: [Synth 8-6157] synthesizing module 'SoC_wrapper' [C:/SOC_basic/day6_7_8/SoC/SoC.gen/sources_1/bd/SoC/hdl/SoC_wrapper.v:12]
INFO: [Synth 8-6157] synthesizing module 'SoC' [c:/SOC_basic/day6_7_8/SoC/SoC.gen/sources_1/bd/SoC/synth/SoC.v:12]
INFO: [Synth 8-6157] synthesizing module 'SoC_Median_Filter_IP_0_0' [c:/SOC_basic/day6_7_8/SoC/SoC.gen/sources_1/bd/SoC/ip/SoC_Median_Filter_IP_0_0/synth/SoC_Median_Filter_IP_0_0.v:53]
INFO: [Synth 8-6157] synthesizing module 'Median_Filter_IP_v1_0' [c:/SOC_basic/day6_7_8/SoC/SoC.gen/sources_1/bd/SoC/ipshared/f5f5/hdl/Median_Filter_IP_v1_0.v:4]
INFO: [Synth 8-6157] synthesizing module 'Median_Filter_IP_v1_0_S00_AXI' [c:/SOC_basic/day6_7_8/SoC/SoC.gen/sources_1/bd/SoC/ipshared/f5f5/hdl/Median_Filter_IP_v1_0_S00_AXI.v:4]
INFO: [Synth 8-226] default block is never used [c:/SOC_basic/day6_7_8/SoC/SoC.gen/sources_1/bd/SoC/ipshared/f5f5/hdl/Median_Filter_IP_v1_0_S00_AXI.v:231]
INFO: [Synth 8-226] default block is never used [c:/SOC_basic/day6_7_8/SoC/SoC.gen/sources_1/bd/SoC/ipshared/f5f5/hdl/Median_Filter_IP_v1_0_S00_AXI.v:372]
INFO: [Synth 8-6157] synthesizing module 'Median_Filter_Core' [c:/SOC_basic/day6_7_8/SoC/SoC.gen/sources_1/bd/SoC/ipshared/f5f5/src/Median_Filter_Core.v:3]
INFO: [Synth 8-6157] synthesizing module 'Median_Filter_Arbiter' [c:/SOC_basic/day6_7_8/SoC/SoC.gen/sources_1/bd/SoC/ipshared/f5f5/src/Median_Filter_Arbiter.v:3]
INFO: [Synth 8-6155] done synthesizing module 'Median_Filter_Arbiter' (0#1) [c:/SOC_basic/day6_7_8/SoC/SoC.gen/sources_1/bd/SoC/ipshared/f5f5/src/Median_Filter_Arbiter.v:3]
INFO: [Synth 8-6157] synthesizing module 'Median_Filter_FSM_CTRL' [c:/SOC_basic/day6_7_8/SoC/SoC.gen/sources_1/bd/SoC/ipshared/f5f5/src/Median_Filter_FSM_CTRL.v:3]
INFO: [Synth 8-6155] done synthesizing module 'Median_Filter_FSM_CTRL' (0#1) [c:/SOC_basic/day6_7_8/SoC/SoC.gen/sources_1/bd/SoC/ipshared/f5f5/src/Median_Filter_FSM_CTRL.v:3]
INFO: [Synth 8-6157] synthesizing module 'Median_Filter_Input_Bank_Memories' [c:/SOC_basic/day6_7_8/SoC/SoC.gen/sources_1/bd/SoC/ipshared/f5f5/src/Median_Filter_Input_Bank_Memories.v:3]
INFO: [Synth 8-6157] synthesizing module 'Median_Filter_BRAM_Bank' [c:/SOC_basic/day6_7_8/SoC/SoC.gen/sources_1/bd/SoC/ipshared/f5f5/src/Median_Filter_BRAM_Bank.v:3]
INFO: [Synth 8-6155] done synthesizing module 'Median_Filter_BRAM_Bank' (0#1) [c:/SOC_basic/day6_7_8/SoC/SoC.gen/sources_1/bd/SoC/ipshared/f5f5/src/Median_Filter_BRAM_Bank.v:3]
INFO: [Synth 8-6155] done synthesizing module 'Median_Filter_Input_Bank_Memories' (0#1) [c:/SOC_basic/day6_7_8/SoC/SoC.gen/sources_1/bd/SoC/ipshared/f5f5/src/Median_Filter_Input_Bank_Memories.v:3]
INFO: [Synth 8-6157] synthesizing module 'Median_Filter_Datapath' [c:/SOC_basic/day6_7_8/SoC/SoC.gen/sources_1/bd/SoC/ipshared/f5f5/src/Median_Filter_Datapath.v:3]
INFO: [Synth 8-6157] synthesizing module 'Median_Filter_Median9' [c:/SOC_basic/day6_7_8/SoC/SoC.gen/sources_1/bd/SoC/ipshared/f5f5/src/Median_Filter_Median9.v:3]
INFO: [Synth 8-6157] synthesizing module 'Median_Filter_Compare_Swap' [c:/SOC_basic/day6_7_8/SoC/SoC.gen/sources_1/bd/SoC/ipshared/f5f5/src/Median_Filter_Compare_Swap.v:3]
INFO: [Synth 8-6155] done synthesizing module 'Median_Filter_Compare_Swap' (0#1) [c:/SOC_basic/day6_7_8/SoC/SoC.gen/sources_1/bd/SoC/ipshared/f5f5/src/Median_Filter_Compare_Swap.v:3]
INFO: [Synth 8-6155] done synthesizing module 'Median_Filter_Median9' (0#1) [c:/SOC_basic/day6_7_8/SoC/SoC.gen/sources_1/bd/SoC/ipshared/f5f5/src/Median_Filter_Median9.v:3]
INFO: [Synth 8-6155] done synthesizing module 'Median_Filter_Datapath' (0#1) [c:/SOC_basic/day6_7_8/SoC/SoC.gen/sources_1/bd/SoC/ipshared/f5f5/src/Median_Filter_Datapath.v:3]
INFO: [Synth 8-6157] synthesizing module 'Median_Filter_Output_Memory' [c:/SOC_basic/day6_7_8/SoC/SoC.gen/sources_1/bd/SoC/ipshared/f5f5/src/Median_Filter_Output_Memory.v:3]
INFO: [Synth 8-6155] done synthesizing module 'Median_Filter_Output_Memory' (0#1) [c:/SOC_basic/day6_7_8/SoC/SoC.gen/sources_1/bd/SoC/ipshared/f5f5/src/Median_Filter_Output_Memory.v:3]
INFO: [Synth 8-6155] done synthesizing module 'Median_Filter_Core' (0#1) [c:/SOC_basic/day6_7_8/SoC/SoC.gen/sources_1/bd/SoC/ipshared/f5f5/src/Median_Filter_Core.v:3]
INFO: [Synth 8-6155] done synthesizing module 'Median_Filter_IP_v1_0_S00_AXI' (0#1) [c:/SOC_basic/day6_7_8/SoC/SoC.gen/sources_1/bd/SoC/ipshared/f5f5/hdl/Median_Filter_IP_v1_0_S00_AXI.v:4]
INFO: [Synth 8-6155] done synthesizing module 'Median_Filter_IP_v1_0' (0#1) [c:/SOC_basic/day6_7_8/SoC/SoC.gen/sources_1/bd/SoC/ipshared/f5f5/hdl/Median_Filter_IP_v1_0.v:4]
INFO: [Synth 8-6155] done synthesizing module 'SoC_Median_Filter_IP_0_0' (0#1) [c:/SOC_basic/day6_7_8/SoC/SoC.gen/sources_1/bd/SoC/ip/SoC_Median_Filter_IP_0_0/synth/SoC_Median_Filter_IP_0_0.v:53]
INFO: [Synth 8-6157] synthesizing module 'SoC_ps8_0_axi_periph_0' [c:/SOC_basic/day6_7_8/SoC/SoC.gen/sources_1/bd/SoC/synth/SoC.v:326]
INFO: [Synth 8-6157] synthesizing module 'm00_couplers_imp_1SNWJ68' [c:/SOC_basic/day6_7_8/SoC/SoC.gen/sources_1/bd/SoC/synth/SoC.v:986]
INFO: [Synth 8-6155] done synthesizing module 'm00_couplers_imp_1SNWJ68' (0#1) [c:/SOC_basic/day6_7_8/SoC/SoC.gen/sources_1/bd/SoC/synth/SoC.v:986]
INFO: [Synth 8-6157] synthesizing module 's00_couplers_imp_HSDK4Q' [c:/SOC_basic/day6_7_8/SoC/SoC.gen/sources_1/bd/SoC/synth/SoC.v:1132]
INFO: [Synth 8-6157] synthesizing module 'SoC_auto_ds_0' [c:/SOC_basic/day6_7_8/SoC/SoC.gen/sources_1/bd/SoC/ip/SoC_auto_ds_0/synth/SoC_auto_ds_0.v:53]
INFO: [Synth 8-6157] synthesizing module 'axi_dwidth_converter_v2_1_27_top' [c:/SOC_basic/day6_7_8/SoC/SoC.gen/sources_1/bd/SoC/ipshared/4675/hdl/axi_dwidth_converter_v2_1_vlsyn_rfs.v:14461]
INFO: [Synth 8-6157] synthesizing module 'axi_dwidth_converter_v2_1_27_axi_downsizer' [c:/SOC_basic/day6_7_8/SoC/SoC.gen/sources_1/bd/SoC/ipshared/4675/hdl/axi_dwidth_converter_v2_1_vlsyn_rfs.v:2379]
INFO: [Synth 8-6157] synthesizing module 'axi_dwidth_converter_v2_1_27_b_downsizer' [c:/SOC_basic/day6_7_8/SoC/SoC.gen/sources_1/bd/SoC/ipshared/4675/hdl/axi_dwidth_converter_v2_1_vlsyn_rfs.v:1250]
INFO: [Synth 8-6155] done synthesizing module 'axi_dwidth_converter_v2_1_27_b_downsizer' (0#1) [c:/SOC_basic/day6_7_8/SoC/SoC.gen/sources_1/bd/SoC/ipshared/4675/hdl/axi_dwidth_converter_v2_1_vlsyn_rfs.v:1250]
INFO: [Synth 8-6157] synthesizing module 'axi_dwidth_converter_v2_1_27_a_downsizer' [c:/SOC_basic/day6_7_8/SoC/SoC.gen/sources_1/bd/SoC/ipshared/4675/hdl/axi_dwidth_converter_v2_1_vlsyn_rfs.v:63]
INFO: [Synth 8-6157] synthesizing module 'axi_data_fifo_v2_1_26_axic_fifo' [c:/SOC_basic/day6_7_8/SoC/SoC.gen/sources_1/bd/SoC/ipshared/3111/hdl/axi_data_fifo_v2_1_vl_rfs.v:63]
INFO: [Synth 8-6157] synthesizing module 'axi_data_fifo_v2_1_26_fifo_gen' [c:/SOC_basic/day6_7_8/SoC/SoC.gen/sources_1/bd/SoC/ipshared/3111/hdl/axi_data_fifo_v2_1_vl_rfs.v:167]
INFO: [Synth 8-6157] synthesizing module 'xpm_cdc_async_rst' [C:/Xilinx/Vivado/2022.2/data/ip/xpm/xpm_cdc/hdl/xpm_cdc.sv:1174]
INFO: [Synth 8-6155] done synthesizing module 'xpm_cdc_async_rst' (0#1) [C:/Xilinx/Vivado/2022.2/data/ip/xpm/xpm_cdc/hdl/xpm_cdc.sv:1174]
INFO: [Synth 8-6155] done synthesizing module 'axi_data_fifo_v2_1_26_fifo_gen' (0#1) [c:/SOC_basic/day6_7_8/SoC/SoC.gen/sources_1/bd/SoC/ipshared/3111/hdl/axi_data_fifo_v2_1_vl_rfs.v:167]
INFO: [Synth 8-6155] done synthesizing module 'axi_data_fifo_v2_1_26_axic_fifo' (0#1) [c:/SOC_basic/day6_7_8/SoC/SoC.gen/sources_1/bd/SoC/ipshared/3111/hdl/axi_data_fifo_v2_1_vl_rfs.v:63]
INFO: [Synth 8-6157] synthesizing module 'axi_data_fifo_v2_1_26_axic_fifo__parameterized0' [c:/SOC_basic/day6_7_8/SoC/SoC.gen/sources_1/bd/SoC/ipshared/3111/hdl/axi_data_fifo_v2_1_vl_rfs.v:63]
INFO: [Synth 8-6157] synthesizing module 'axi_data_fifo_v2_1_26_fifo_gen__parameterized0' [c:/SOC_basic/day6_7_8/SoC/SoC.gen/sources_1/bd/SoC/ipshared/3111/hdl/axi_data_fifo_v2_1_vl_rfs.v:167]
INFO: [Synth 8-6155] done synthesizing module 'axi_data_fifo_v2_1_26_fifo_gen__parameterized0' (0#1) [c:/SOC_basic/day6_7_8/SoC/SoC.gen/sources_1/bd/SoC/ipshared/3111/hdl/axi_data_fifo_v2_1_vl_rfs.v:167]
INFO: [Synth 8-6155] done synthesizing module 'axi_data_fifo_v2_1_26_axic_fifo__parameterized0' (0#1) [c:/SOC_basic/day6_7_8/SoC/SoC.gen/sources_1/bd/SoC/ipshared/3111/hdl/axi_data_fifo_v2_1_vl_rfs.v:63]
INFO: [Synth 8-6155] done synthesizing module 'axi_dwidth_converter_v2_1_27_a_downsizer' (0#1) [c:/SOC_basic/day6_7_8/SoC/SoC.gen/sources_1/bd/SoC/ipshared/4675/hdl/axi_dwidth_converter_v2_1_vlsyn_rfs.v:63]
INFO: [Synth 8-6157] synthesizing module 'axi_dwidth_converter_v2_1_27_w_downsizer' [c:/SOC_basic/day6_7_8/SoC/SoC.gen/sources_1/bd/SoC/ipshared/4675/hdl/axi_dwidth_converter_v2_1_vlsyn_rfs.v:2015]
INFO: [Synth 8-6155] done synthesizing module 'axi_dwidth_converter_v2_1_27_w_downsizer' (0#1) [c:/SOC_basic/day6_7_8/SoC/SoC.gen/sources_1/bd/SoC/ipshared/4675/hdl/axi_dwidth_converter_v2_1_vlsyn_rfs.v:2015]
INFO: [Synth 8-6157] synthesizing module 'axi_dwidth_converter_v2_1_27_a_downsizer__parameterized0' [c:/SOC_basic/day6_7_8/SoC/SoC.gen/sources_1/bd/SoC/ipshared/4675/hdl/axi_dwidth_converter_v2_1_vlsyn_rfs.v:63]
INFO: [Synth 8-6155] done synthesizing module 'axi_dwidth_converter_v2_1_27_a_downsizer__parameterized0' (0#1) [c:/SOC_basic/day6_7_8/SoC/SoC.gen/sources_1/bd/SoC/ipshared/4675/hdl/axi_dwidth_converter_v2_1_vlsyn_rfs.v:63]
INFO: [Synth 8-6157] synthesizing module 'axi_dwidth_converter_v2_1_27_r_downsizer' [c:/SOC_basic/day6_7_8/SoC/SoC.gen/sources_1/bd/SoC/ipshared/4675/hdl/axi_dwidth_converter_v2_1_vlsyn_rfs.v:1532]
INFO: [Synth 8-6155] done synthesizing module 'axi_dwidth_converter_v2_1_27_r_downsizer' (0#1) [c:/SOC_basic/day6_7_8/SoC/SoC.gen/sources_1/bd/SoC/ipshared/4675/hdl/axi_dwidth_converter_v2_1_vlsyn_rfs.v:1532]
INFO: [Synth 8-6155] done synthesizing module 'axi_dwidth_converter_v2_1_27_axi_downsizer' (0#1) [c:/SOC_basic/day6_7_8/SoC/SoC.gen/sources_1/bd/SoC/ipshared/4675/hdl/axi_dwidth_converter_v2_1_vlsyn_rfs.v:2379]
INFO: [Synth 8-6155] done synthesizing module 'axi_dwidth_converter_v2_1_27_top' (0#1) [c:/SOC_basic/day6_7_8/SoC/SoC.gen/sources_1/bd/SoC/ipshared/4675/hdl/axi_dwidth_converter_v2_1_vlsyn_rfs.v:14461]
INFO: [Synth 8-6155] done synthesizing module 'SoC_auto_ds_0' (0#1) [c:/SOC_basic/day6_7_8/SoC/SoC.gen/sources_1/bd/SoC/ip/SoC_auto_ds_0/synth/SoC_auto_ds_0.v:53]
INFO: [Synth 8-6157] synthesizing module 'SoC_auto_pc_0' [c:/SOC_basic/day6_7_8/SoC/SoC.gen/sources_1/bd/SoC/ip/SoC_auto_pc_0/synth/SoC_auto_pc_0.v:53]
INFO: [Synth 8-6157] synthesizing module 'axi_protocol_converter_v2_1_27_axi_protocol_converter' [c:/SOC_basic/day6_7_8/SoC/SoC.gen/sources_1/bd/SoC/ipshared/aeb3/hdl/axi_protocol_converter_v2_1_vl_rfs.v:4807]
INFO: [Synth 8-6157] synthesizing module 'axi_protocol_converter_v2_1_27_b2s' [c:/SOC_basic/day6_7_8/SoC/SoC.gen/sources_1/bd/SoC/ipshared/aeb3/hdl/axi_protocol_converter_v2_1_vl_rfs.v:4225]
INFO: [Synth 8-6157] synthesizing module 'axi_protocol_converter_v2_1_27_b2s_aw_channel' [c:/SOC_basic/day6_7_8/SoC/SoC.gen/sources_1/bd/SoC/ipshared/aeb3/hdl/axi_protocol_converter_v2_1_vl_rfs.v:3970]
INFO: [Synth 8-6157] synthesizing module 'axi_protocol_converter_v2_1_27_b2s_cmd_translator' [c:/SOC_basic/day6_7_8/SoC/SoC.gen/sources_1/bd/SoC/ipshared/aeb3/hdl/axi_protocol_converter_v2_1_vl_rfs.v:3463]
INFO: [Synth 8-6157] synthesizing module 'axi_protocol_converter_v2_1_27_b2s_incr_cmd' [c:/SOC_basic/day6_7_8/SoC/SoC.gen/sources_1/bd/SoC/ipshared/aeb3/hdl/axi_protocol_converter_v2_1_vl_rfs.v:3091]
INFO: [Synth 8-6155] done synthesizing module 'axi_protocol_converter_v2_1_27_b2s_incr_cmd' (0#1) [c:/SOC_basic/day6_7_8/SoC/SoC.gen/sources_1/bd/SoC/ipshared/aeb3/hdl/axi_protocol_converter_v2_1_vl_rfs.v:3091]
INFO: [Synth 8-6157] synthesizing module 'axi_protocol_converter_v2_1_27_b2s_wrap_cmd' [c:/SOC_basic/day6_7_8/SoC/SoC.gen/sources_1/bd/SoC/ipshared/aeb3/hdl/axi_protocol_converter_v2_1_vl_rfs.v:2901]
INFO: [Synth 8-6155] done synthesizing module 'axi_protocol_converter_v2_1_27_b2s_wrap_cmd' (0#1) [c:/SOC_basic/day6_7_8/SoC/SoC.gen/sources_1/bd/SoC/ipshared/aeb3/hdl/axi_protocol_converter_v2_1_vl_rfs.v:2901]
INFO: [Synth 8-6155] done synthesizing module 'axi_protocol_converter_v2_1_27_b2s_cmd_translator' (0#1) [c:/SOC_basic/day6_7_8/SoC/SoC.gen/sources_1/bd/SoC/ipshared/aeb3/hdl/axi_protocol_converter_v2_1_vl_rfs.v:3463]
INFO: [Synth 8-6157] synthesizing module 'axi_protocol_converter_v2_1_27_b2s_wr_cmd_fsm' [c:/SOC_basic/day6_7_8/SoC/SoC.gen/sources_1/bd/SoC/ipshared/aeb3/hdl/axi_protocol_converter_v2_1_vl_rfs.v:3223]
INFO: [Synth 8-226] default block is never used [c:/SOC_basic/day6_7_8/SoC/SoC.gen/sources_1/bd/SoC/ipshared/aeb3/hdl/axi_protocol_converter_v2_1_vl_rfs.v:3277]
INFO: [Synth 8-6155] done synthesizing module 'axi_protocol_converter_v2_1_27_b2s_wr_cmd_fsm' (0#1) [c:/SOC_basic/day6_7_8/SoC/SoC.gen/sources_1/bd/SoC/ipshared/aeb3/hdl/axi_protocol_converter_v2_1_vl_rfs.v:3223]
INFO: [Synth 8-6155] done synthesizing module 'axi_protocol_converter_v2_1_27_b2s_aw_channel' (0#1) [c:/SOC_basic/day6_7_8/SoC/SoC.gen/sources_1/bd/SoC/ipshared/aeb3/hdl/axi_protocol_converter_v2_1_vl_rfs.v:3970]
INFO: [Synth 8-6157] synthesizing module 'axi_protocol_converter_v2_1_27_b2s_b_channel' [c:/SOC_basic/day6_7_8/SoC/SoC.gen/sources_1/bd/SoC/ipshared/aeb3/hdl/axi_protocol_converter_v2_1_vl_rfs.v:3605]
INFO: [Synth 8-6157] synthesizing module 'axi_protocol_converter_v2_1_27_b2s_simple_fifo' [c:/SOC_basic/day6_7_8/SoC/SoC.gen/sources_1/bd/SoC/ipshared/aeb3/hdl/axi_protocol_converter_v2_1_vl_rfs.v:2815]
INFO: [Synth 8-6155] done synthesizing module 'axi_protocol_converter_v2_1_27_b2s_simple_fifo' (0#1) [c:/SOC_basic/day6_7_8/SoC/SoC.gen/sources_1/bd/SoC/ipshared/aeb3/hdl/axi_protocol_converter_v2_1_vl_rfs.v:2815]
INFO: [Synth 8-6157] synthesizing module 'axi_protocol_converter_v2_1_27_b2s_simple_fifo__parameterized0' [c:/SOC_basic/day6_7_8/SoC/SoC.gen/sources_1/bd/SoC/ipshared/aeb3/hdl/axi_protocol_converter_v2_1_vl_rfs.v:2815]
INFO: [Synth 8-6155] done synthesizing module 'axi_protocol_converter_v2_1_27_b2s_simple_fifo__parameterized0' (0#1) [c:/SOC_basic/day6_7_8/SoC/SoC.gen/sources_1/bd/SoC/ipshared/aeb3/hdl/axi_protocol_converter_v2_1_vl_rfs.v:2815]
INFO: [Synth 8-6155] done synthesizing module 'axi_protocol_converter_v2_1_27_b2s_b_channel' (0#1) [c:/SOC_basic/day6_7_8/SoC/SoC.gen/sources_1/bd/SoC/ipshared/aeb3/hdl/axi_protocol_converter_v2_1_vl_rfs.v:3605]
INFO: [Synth 8-6157] synthesizing module 'axi_protocol_converter_v2_1_27_b2s_ar_channel' [c:/SOC_basic/day6_7_8/SoC/SoC.gen/sources_1/bd/SoC/ipshared/aeb3/hdl/axi_protocol_converter_v2_1_vl_rfs.v:4081]
INFO: [Synth 8-6157] synthesizing module 'axi_protocol_converter_v2_1_27_b2s_rd_cmd_fsm' [c:/SOC_basic/day6_7_8/SoC/SoC.gen/sources_1/bd/SoC/ipshared/aeb3/hdl/axi_protocol_converter_v2_1_vl_rfs.v:3333]
INFO: [Synth 8-226] default block is never used [c:/SOC_basic/day6_7_8/SoC/SoC.gen/sources_1/bd/SoC/ipshared/aeb3/hdl/axi_protocol_converter_v2_1_vl_rfs.v:3395]
INFO: [Synth 8-6155] done synthesizing module 'axi_protocol_converter_v2_1_27_b2s_rd_cmd_fsm' (0#1) [c:/SOC_basic/day6_7_8/SoC/SoC.gen/sources_1/bd/SoC/ipshared/aeb3/hdl/axi_protocol_converter_v2_1_vl_rfs.v:3333]
INFO: [Synth 8-6155] done synthesizing module 'axi_protocol_converter_v2_1_27_b2s_ar_channel' (0#1) [c:/SOC_basic/day6_7_8/SoC/SoC.gen/sources_1/bd/SoC/ipshared/aeb3/hdl/axi_protocol_converter_v2_1_vl_rfs.v:4081]
INFO: [Synth 8-6157] synthesizing module 'axi_protocol_converter_v2_1_27_b2s_r_channel' [c:/SOC_basic/day6_7_8/SoC/SoC.gen/sources_1/bd/SoC/ipshared/aeb3/hdl/axi_protocol_converter_v2_1_vl_rfs.v:3810]
INFO: [Synth 8-6157] synthesizing module 'axi_protocol_converter_v2_1_27_b2s_simple_fifo__parameterized1' [c:/SOC_basic/day6_7_8/SoC/SoC.gen/sources_1/bd/SoC/ipshared/aeb3/hdl/axi_protocol_converter_v2_1_vl_rfs.v:2815]
INFO: [Synth 8-6155] done synthesizing module 'axi_protocol_converter_v2_1_27_b2s_simple_fifo__parameterized1' (0#1) [c:/SOC_basic/day6_7_8/SoC/SoC.gen/sources_1/bd/SoC/ipshared/aeb3/hdl/axi_protocol_converter_v2_1_vl_rfs.v:2815]
INFO: [Synth 8-6157] synthesizing module 'axi_protocol_converter_v2_1_27_b2s_simple_fifo__parameterized2' [c:/SOC_basic/day6_7_8/SoC/SoC.gen/sources_1/bd/SoC/ipshared/aeb3/hdl/axi_protocol_converter_v2_1_vl_rfs.v:2815]
INFO: [Synth 8-6155] done synthesizing module 'axi_protocol_converter_v2_1_27_b2s_simple_fifo__parameterized2' (0#1) [c:/SOC_basic/day6_7_8/SoC/SoC.gen/sources_1/bd/SoC/ipshared/aeb3/hdl/axi_protocol_converter_v2_1_vl_rfs.v:2815]
INFO: [Synth 8-6155] done synthesizing module 'axi_protocol_converter_v2_1_27_b2s_r_channel' (0#1) [c:/SOC_basic/day6_7_8/SoC/SoC.gen/sources_1/bd/SoC/ipshared/aeb3/hdl/axi_protocol_converter_v2_1_vl_rfs.v:3810]
INFO: [Synth 8-6157] synthesizing module 'axi_register_slice_v2_1_27_axi_register_slice' [c:/SOC_basic/day6_7_8/SoC/SoC.gen/sources_1/bd/SoC/ipshared/f0b4/hdl/axi_register_slice_v2_1_vl_rfs.v:3725]
INFO: [Synth 8-6157] synthesizing module 'axi_infrastructure_v1_1_0_axi2vector' [c:/SOC_basic/day6_7_8/SoC/SoC.gen/sources_1/bd/SoC/ipshared/ec67/hdl/axi_infrastructure_v1_1_vl_rfs.v:59]
INFO: [Synth 8-6155] done synthesizing module 'axi_infrastructure_v1_1_0_axi2vector' (0#1) [c:/SOC_basic/day6_7_8/SoC/SoC.gen/sources_1/bd/SoC/ipshared/ec67/hdl/axi_infrastructure_v1_1_vl_rfs.v:59]
INFO: [Synth 8-6157] synthesizing module 'axi_infrastructure_v1_1_0_vector2axi' [c:/SOC_basic/day6_7_8/SoC/SoC.gen/sources_1/bd/SoC/ipshared/ec67/hdl/axi_infrastructure_v1_1_vl_rfs.v:473]
INFO: [Synth 8-6155] done synthesizing module 'axi_infrastructure_v1_1_0_vector2axi' (0#1) [c:/SOC_basic/day6_7_8/SoC/SoC.gen/sources_1/bd/SoC/ipshared/ec67/hdl/axi_infrastructure_v1_1_vl_rfs.v:473]
INFO: [Synth 8-6157] synthesizing module 'axi_register_slice_v2_1_27_axic_register_slice' [c:/SOC_basic/day6_7_8/SoC/SoC.gen/sources_1/bd/SoC/ipshared/f0b4/hdl/axi_register_slice_v2_1_vl_rfs.v:1497]
INFO: [Synth 8-6155] done synthesizing module 'axi_register_slice_v2_1_27_axic_register_slice' (0#1) [c:/SOC_basic/day6_7_8/SoC/SoC.gen/sources_1/bd/SoC/ipshared/f0b4/hdl/axi_register_slice_v2_1_vl_rfs.v:1497]
INFO: [Synth 8-6157] synthesizing module 'axi_register_slice_v2_1_27_axic_register_slice__parameterized0' [c:/SOC_basic/day6_7_8/SoC/SoC.gen/sources_1/bd/SoC/ipshared/f0b4/hdl/axi_register_slice_v2_1_vl_rfs.v:1497]
INFO: [Synth 8-6155] done synthesizing module 'axi_register_slice_v2_1_27_axic_register_slice__parameterized0' (0#1) [c:/SOC_basic/day6_7_8/SoC/SoC.gen/sources_1/bd/SoC/ipshared/f0b4/hdl/axi_register_slice_v2_1_vl_rfs.v:1497]
INFO: [Synth 8-6157] synthesizing module 'axi_register_slice_v2_1_27_axic_register_slice__parameterized1' [c:/SOC_basic/day6_7_8/SoC/SoC.gen/sources_1/bd/SoC/ipshared/f0b4/hdl/axi_register_slice_v2_1_vl_rfs.v:1497]
INFO: [Synth 8-6155] done synthesizing module 'axi_register_slice_v2_1_27_axic_register_slice__parameterized1' (0#1) [c:/SOC_basic/day6_7_8/SoC/SoC.gen/sources_1/bd/SoC/ipshared/f0b4/hdl/axi_register_slice_v2_1_vl_rfs.v:1497]
INFO: [Synth 8-6157] synthesizing module 'axi_register_slice_v2_1_27_axic_register_slice__parameterized2' [c:/SOC_basic/day6_7_8/SoC/SoC.gen/sources_1/bd/SoC/ipshared/f0b4/hdl/axi_register_slice_v2_1_vl_rfs.v:1497]
INFO: [Synth 8-6155] done synthesizing module 'axi_register_slice_v2_1_27_axic_register_slice__parameterized2' (0#1) [c:/SOC_basic/day6_7_8/SoC/SoC.gen/sources_1/bd/SoC/ipshared/f0b4/hdl/axi_register_slice_v2_1_vl_rfs.v:1497]
INFO: [Synth 8-6155] done synthesizing module 'axi_register_slice_v2_1_27_axi_register_slice' (0#1) [c:/SOC_basic/day6_7_8/SoC/SoC.gen/sources_1/bd/SoC/ipshared/f0b4/hdl/axi_register_slice_v2_1_vl_rfs.v:3725]
WARNING: [Synth 8-7071] port 'aclk2x' of module 'axi_register_slice_v2_1_27_axi_register_slice' is unconnected for instance 'SI_REG' [c:/SOC_basic/day6_7_8/SoC/SoC.gen/sources_1/bd/SoC/ipshared/aeb3/hdl/axi_protocol_converter_v2_1_vl_rfs.v:4392]
WARNING: [Synth 8-7023] instance 'SI_REG' of module 'axi_register_slice_v2_1_27_axi_register_slice' has 93 connections declared, but only 92 given [c:/SOC_basic/day6_7_8/SoC/SoC.gen/sources_1/bd/SoC/ipshared/aeb3/hdl/axi_protocol_converter_v2_1_vl_rfs.v:4392]
INFO: [Synth 8-6157] synthesizing module 'axi_register_slice_v2_1_27_axi_register_slice__parameterized0' [c:/SOC_basic/day6_7_8/SoC/SoC.gen/sources_1/bd/SoC/ipshared/f0b4/hdl/axi_register_slice_v2_1_vl_rfs.v:3725]
INFO: [Synth 8-6157] synthesizing module 'axi_infrastructure_v1_1_0_axi2vector__parameterized0' [c:/SOC_basic/day6_7_8/SoC/SoC.gen/sources_1/bd/SoC/ipshared/ec67/hdl/axi_infrastructure_v1_1_vl_rfs.v:59]
INFO: [Synth 8-6155] done synthesizing module 'axi_infrastructure_v1_1_0_axi2vector__parameterized0' (0#1) [c:/SOC_basic/day6_7_8/SoC/SoC.gen/sources_1/bd/SoC/ipshared/ec67/hdl/axi_infrastructure_v1_1_vl_rfs.v:59]
INFO: [Synth 8-6157] synthesizing module 'axi_infrastructure_v1_1_0_vector2axi__parameterized0' [c:/SOC_basic/day6_7_8/SoC/SoC.gen/sources_1/bd/SoC/ipshared/ec67/hdl/axi_infrastructure_v1_1_vl_rfs.v:473]
INFO: [Synth 8-6155] done synthesizing module 'axi_infrastructure_v1_1_0_vector2axi__parameterized0' (0#1) [c:/SOC_basic/day6_7_8/SoC/SoC.gen/sources_1/bd/SoC/ipshared/ec67/hdl/axi_infrastructure_v1_1_vl_rfs.v:473]
INFO: [Synth 8-6157] synthesizing module 'axi_register_slice_v2_1_27_axic_register_slice__parameterized3' [c:/SOC_basic/day6_7_8/SoC/SoC.gen/sources_1/bd/SoC/ipshared/f0b4/hdl/axi_register_slice_v2_1_vl_rfs.v:1497]
INFO: [Synth 8-6155] done synthesizing module 'axi_register_slice_v2_1_27_axic_register_slice__parameterized3' (0#1) [c:/SOC_basic/day6_7_8/SoC/SoC.gen/sources_1/bd/SoC/ipshared/f0b4/hdl/axi_register_slice_v2_1_vl_rfs.v:1497]
INFO: [Synth 8-6157] synthesizing module 'axi_register_slice_v2_1_27_axic_register_slice__parameterized4' [c:/SOC_basic/day6_7_8/SoC/SoC.gen/sources_1/bd/SoC/ipshared/f0b4/hdl/axi_register_slice_v2_1_vl_rfs.v:1497]
INFO: [Synth 8-6155] done synthesizing module 'axi_register_slice_v2_1_27_axic_register_slice__parameterized4' (0#1) [c:/SOC_basic/day6_7_8/SoC/SoC.gen/sources_1/bd/SoC/ipshared/f0b4/hdl/axi_register_slice_v2_1_vl_rfs.v:1497]
INFO: [Synth 8-6157] synthesizing module 'axi_register_slice_v2_1_27_axic_register_slice__parameterized5' [c:/SOC_basic/day6_7_8/SoC/SoC.gen/sources_1/bd/SoC/ipshared/f0b4/hdl/axi_register_slice_v2_1_vl_rfs.v:1497]
INFO: [Synth 8-6155] done synthesizing module 'axi_register_slice_v2_1_27_axic_register_slice__parameterized5' (0#1) [c:/SOC_basic/day6_7_8/SoC/SoC.gen/sources_1/bd/SoC/ipshared/f0b4/hdl/axi_register_slice_v2_1_vl_rfs.v:1497]
INFO: [Synth 8-6157] synthesizing module 'axi_register_slice_v2_1_27_axic_register_slice__parameterized6' [c:/SOC_basic/day6_7_8/SoC/SoC.gen/sources_1/bd/SoC/ipshared/f0b4/hdl/axi_register_slice_v2_1_vl_rfs.v:1497]
INFO: [Synth 8-6155] done synthesizing module 'axi_register_slice_v2_1_27_axic_register_slice__parameterized6' (0#1) [c:/SOC_basic/day6_7_8/SoC/SoC.gen/sources_1/bd/SoC/ipshared/f0b4/hdl/axi_register_slice_v2_1_vl_rfs.v:1497]
INFO: [Synth 8-6155] done synthesizing module 'axi_register_slice_v2_1_27_axi_register_slice__parameterized0' (0#1) [c:/SOC_basic/day6_7_8/SoC/SoC.gen/sources_1/bd/SoC/ipshared/f0b4/hdl/axi_register_slice_v2_1_vl_rfs.v:3725]
WARNING: [Synth 8-7071] port 'aclk2x' of module 'axi_register_slice_v2_1_27_axi_register_slice' is unconnected for instance 'MI_REG' [c:/SOC_basic/day6_7_8/SoC/SoC.gen/sources_1/bd/SoC/ipshared/aeb3/hdl/axi_protocol_converter_v2_1_vl_rfs.v:4647]
WARNING: [Synth 8-7023] instance 'MI_REG' of module 'axi_register_slice_v2_1_27_axi_register_slice' has 93 connections declared, but only 92 given [c:/SOC_basic/day6_7_8/SoC/SoC.gen/sources_1/bd/SoC/ipshared/aeb3/hdl/axi_protocol_converter_v2_1_vl_rfs.v:4647]
INFO: [Synth 8-6155] done synthesizing module 'axi_protocol_converter_v2_1_27_b2s' (0#1) [c:/SOC_basic/day6_7_8/SoC/SoC.gen/sources_1/bd/SoC/ipshared/aeb3/hdl/axi_protocol_converter_v2_1_vl_rfs.v:4225]
INFO: [Synth 8-6155] done synthesizing module 'axi_protocol_converter_v2_1_27_axi_protocol_converter' (0#1) [c:/SOC_basic/day6_7_8/SoC/SoC.gen/sources_1/bd/SoC/ipshared/aeb3/hdl/axi_protocol_converter_v2_1_vl_rfs.v:4807]
INFO: [Synth 8-6155] done synthesizing module 'SoC_auto_pc_0' (0#1) [c:/SOC_basic/day6_7_8/SoC/SoC.gen/sources_1/bd/SoC/ip/SoC_auto_pc_0/synth/SoC_auto_pc_0.v:53]
INFO: [Synth 8-6155] done synthesizing module 's00_couplers_imp_HSDK4Q' (0#1) [c:/SOC_basic/day6_7_8/SoC/SoC.gen/sources_1/bd/SoC/synth/SoC.v:1132]
INFO: [Synth 8-6157] synthesizing module 's01_couplers_imp_17PNHRJ' [c:/SOC_basic/day6_7_8/SoC/SoC.gen/sources_1/bd/SoC/synth/SoC.v:1542]
INFO: [Synth 8-6157] synthesizing module 'SoC_auto_ds_1' [c:/SOC_basic/day6_7_8/SoC/SoC.gen/sources_1/bd/SoC/ip/SoC_auto_ds_1/synth/SoC_auto_ds_1.v:53]
INFO: [Synth 8-6155] done synthesizing module 'SoC_auto_ds_1' (0#1) [c:/SOC_basic/day6_7_8/SoC/SoC.gen/sources_1/bd/SoC/ip/SoC_auto_ds_1/synth/SoC_auto_ds_1.v:53]
INFO: [Synth 8-6157] synthesizing module 'SoC_auto_pc_1' [c:/SOC_basic/day6_7_8/SoC/SoC.gen/sources_1/bd/SoC/ip/SoC_auto_pc_1/synth/SoC_auto_pc_1.v:53]
INFO: [Synth 8-6155] done synthesizing module 'SoC_auto_pc_1' (0#1) [c:/SOC_basic/day6_7_8/SoC/SoC.gen/sources_1/bd/SoC/ip/SoC_auto_pc_1/synth/SoC_auto_pc_1.v:53]
INFO: [Synth 8-6155] done synthesizing module 's01_couplers_imp_17PNHRJ' (0#1) [c:/SOC_basic/day6_7_8/SoC/SoC.gen/sources_1/bd/SoC/synth/SoC.v:1542]
INFO: [Synth 8-6157] synthesizing module 'SoC_xbar_0' [c:/SOC_basic/day6_7_8/SoC/SoC.gen/sources_1/bd/SoC/ip/SoC_xbar_0/synth/SoC_xbar_0.v:53]
INFO: [Synth 8-6157] synthesizing module 'axi_crossbar_v2_1_28_axi_crossbar' [c:/SOC_basic/day6_7_8/SoC/SoC.gen/sources_1/bd/SoC/ipshared/c40e/hdl/axi_crossbar_v2_1_vl_rfs.v:4883]
INFO: [Synth 8-6157] synthesizing module 'axi_crossbar_v2_1_28_crossbar_sasd' [c:/SOC_basic/day6_7_8/SoC/SoC.gen/sources_1/bd/SoC/ipshared/c40e/hdl/axi_crossbar_v2_1_vl_rfs.v:1239]
INFO: [Synth 8-6157] synthesizing module 'axi_crossbar_v2_1_28_addr_decoder' [c:/SOC_basic/day6_7_8/SoC/SoC.gen/sources_1/bd/SoC/ipshared/c40e/hdl/axi_crossbar_v2_1_vl_rfs.v:793]
INFO: [Synth 8-6157] synthesizing module 'generic_baseblocks_v2_1_0_comparator_static' [c:/SOC_basic/day6_7_8/SoC/SoC.gen/sources_1/bd/SoC/ipshared/b752/hdl/generic_baseblocks_v2_1_vl_rfs.v:2132]
INFO: [Synth 8-6157] synthesizing module 'generic_baseblocks_v2_1_0_carry_and' [c:/SOC_basic/day6_7_8/SoC/SoC.gen/sources_1/bd/SoC/ipshared/b752/hdl/generic_baseblocks_v2_1_vl_rfs.v:61]
INFO: [Synth 8-6155] done synthesizing module 'generic_baseblocks_v2_1_0_carry_and' (0#1) [c:/SOC_basic/day6_7_8/SoC/SoC.gen/sources_1/bd/SoC/ipshared/b752/hdl/generic_baseblocks_v2_1_vl_rfs.v:61]
INFO: [Synth 8-6155] done synthesizing module 'generic_baseblocks_v2_1_0_comparator_static' (0#1) [c:/SOC_basic/day6_7_8/SoC/SoC.gen/sources_1/bd/SoC/ipshared/b752/hdl/generic_baseblocks_v2_1_vl_rfs.v:2132]
INFO: [Synth 8-6155] done synthesizing module 'axi_crossbar_v2_1_28_addr_decoder' (0#1) [c:/SOC_basic/day6_7_8/SoC/SoC.gen/sources_1/bd/SoC/ipshared/c40e/hdl/axi_crossbar_v2_1_vl_rfs.v:793]
INFO: [Synth 8-6157] synthesizing module 'generic_baseblocks_v2_1_0_mux_enc' [c:/SOC_basic/day6_7_8/SoC/SoC.gen/sources_1/bd/SoC/ipshared/b752/hdl/generic_baseblocks_v2_1_vl_rfs.v:2451]
INFO: [Synth 8-6155] done synthesizing module 'generic_baseblocks_v2_1_0_mux_enc' (0#1) [c:/SOC_basic/day6_7_8/SoC/SoC.gen/sources_1/bd/SoC/ipshared/b752/hdl/generic_baseblocks_v2_1_vl_rfs.v:2451]
INFO: [Synth 8-6157] synthesizing module 'generic_baseblocks_v2_1_0_mux_enc__parameterized0' [c:/SOC_basic/day6_7_8/SoC/SoC.gen/sources_1/bd/SoC/ipshared/b752/hdl/generic_baseblocks_v2_1_vl_rfs.v:2451]
INFO: [Synth 8-6155] done synthesizing module 'generic_baseblocks_v2_1_0_mux_enc__parameterized0' (0#1) [c:/SOC_basic/day6_7_8/SoC/SoC.gen/sources_1/bd/SoC/ipshared/b752/hdl/generic_baseblocks_v2_1_vl_rfs.v:2451]
INFO: [Synth 8-6157] synthesizing module 'axi_crossbar_v2_1_28_decerr_slave' [c:/SOC_basic/day6_7_8/SoC/SoC.gen/sources_1/bd/SoC/ipshared/c40e/hdl/axi_crossbar_v2_1_vl_rfs.v:3500]
INFO: [Synth 8-6155] done synthesizing module 'axi_crossbar_v2_1_28_decerr_slave' (0#1) [c:/SOC_basic/day6_7_8/SoC/SoC.gen/sources_1/bd/SoC/ipshared/c40e/hdl/axi_crossbar_v2_1_vl_rfs.v:3500]
INFO: [Synth 8-6157] synthesizing module 'axi_crossbar_v2_1_28_addr_arbiter_sasd' [c:/SOC_basic/day6_7_8/SoC/SoC.gen/sources_1/bd/SoC/ipshared/c40e/hdl/axi_crossbar_v2_1_vl_rfs.v:64]
INFO: [Synth 8-6157] synthesizing module 'generic_baseblocks_v2_1_0_mux_enc__parameterized1' [c:/SOC_basic/day6_7_8/SoC/SoC.gen/sources_1/bd/SoC/ipshared/b752/hdl/generic_baseblocks_v2_1_vl_rfs.v:2451]
INFO: [Synth 8-6155] done synthesizing module 'generic_baseblocks_v2_1_0_mux_enc__parameterized1' (0#1) [c:/SOC_basic/day6_7_8/SoC/SoC.gen/sources_1/bd/SoC/ipshared/b752/hdl/generic_baseblocks_v2_1_vl_rfs.v:2451]
INFO: [Synth 8-6155] done synthesizing module 'axi_crossbar_v2_1_28_addr_arbiter_sasd' (0#1) [c:/SOC_basic/day6_7_8/SoC/SoC.gen/sources_1/bd/SoC/ipshared/c40e/hdl/axi_crossbar_v2_1_vl_rfs.v:64]
INFO: [Synth 8-6157] synthesizing module 'axi_crossbar_v2_1_28_splitter' [c:/SOC_basic/day6_7_8/SoC/SoC.gen/sources_1/bd/SoC/ipshared/c40e/hdl/axi_crossbar_v2_1_vl_rfs.v:4460]
INFO: [Synth 8-6155] done synthesizing module 'axi_crossbar_v2_1_28_splitter' (0#1) [c:/SOC_basic/day6_7_8/SoC/SoC.gen/sources_1/bd/SoC/ipshared/c40e/hdl/axi_crossbar_v2_1_vl_rfs.v:4460]
INFO: [Synth 8-6157] synthesizing module 'axi_crossbar_v2_1_28_splitter__parameterized0' [c:/SOC_basic/day6_7_8/SoC/SoC.gen/sources_1/bd/SoC/ipshared/c40e/hdl/axi_crossbar_v2_1_vl_rfs.v:4460]
INFO: [Synth 8-6155] done synthesizing module 'axi_crossbar_v2_1_28_splitter__parameterized0' (0#1) [c:/SOC_basic/day6_7_8/SoC/SoC.gen/sources_1/bd/SoC/ipshared/c40e/hdl/axi_crossbar_v2_1_vl_rfs.v:4460]
INFO: [Synth 8-6157] synthesizing module 'generic_baseblocks_v2_1_0_mux_enc__parameterized2' [c:/SOC_basic/day6_7_8/SoC/SoC.gen/sources_1/bd/SoC/ipshared/b752/hdl/generic_baseblocks_v2_1_vl_rfs.v:2451]
INFO: [Synth 8-6155] done synthesizing module 'generic_baseblocks_v2_1_0_mux_enc__parameterized2' (0#1) [c:/SOC_basic/day6_7_8/SoC/SoC.gen/sources_1/bd/SoC/ipshared/b752/hdl/generic_baseblocks_v2_1_vl_rfs.v:2451]
INFO: [Synth 8-6157] synthesizing module 'axi_register_slice_v2_1_27_axic_register_slice__parameterized7' [c:/SOC_basic/day6_7_8/SoC/SoC.gen/sources_1/bd/SoC/ipshared/f0b4/hdl/axi_register_slice_v2_1_vl_rfs.v:1497]
INFO: [Synth 8-6155] done synthesizing module 'axi_register_slice_v2_1_27_axic_register_slice__parameterized7' (0#1) [c:/SOC_basic/day6_7_8/SoC/SoC.gen/sources_1/bd/SoC/ipshared/f0b4/hdl/axi_register_slice_v2_1_vl_rfs.v:1497]
INFO: [Synth 8-6157] synthesizing module 'generic_baseblocks_v2_1_0_mux_enc__parameterized3' [c:/SOC_basic/day6_7_8/SoC/SoC.gen/sources_1/bd/SoC/ipshared/b752/hdl/generic_baseblocks_v2_1_vl_rfs.v:2451]
INFO: [Synth 8-6155] done synthesizing module 'generic_baseblocks_v2_1_0_mux_enc__parameterized3' (0#1) [c:/SOC_basic/day6_7_8/SoC/SoC.gen/sources_1/bd/SoC/ipshared/b752/hdl/generic_baseblocks_v2_1_vl_rfs.v:2451]
INFO: [Synth 8-6155] done synthesizing module 'axi_crossbar_v2_1_28_crossbar_sasd' (0#1) [c:/SOC_basic/day6_7_8/SoC/SoC.gen/sources_1/bd/SoC/ipshared/c40e/hdl/axi_crossbar_v2_1_vl_rfs.v:1239]
INFO: [Synth 8-6155] done synthesizing module 'axi_crossbar_v2_1_28_axi_crossbar' (0#1) [c:/SOC_basic/day6_7_8/SoC/SoC.gen/sources_1/bd/SoC/ipshared/c40e/hdl/axi_crossbar_v2_1_vl_rfs.v:4883]
INFO: [Synth 8-6155] done synthesizing module 'SoC_xbar_0' (0#1) [c:/SOC_basic/day6_7_8/SoC/SoC.gen/sources_1/bd/SoC/ip/SoC_xbar_0/synth/SoC_xbar_0.v:53]
INFO: [Synth 8-6155] done synthesizing module 'SoC_ps8_0_axi_periph_0' (0#1) [c:/SOC_basic/day6_7_8/SoC/SoC.gen/sources_1/bd/SoC/synth/SoC.v:326]
INFO: [Synth 8-638] synthesizing module 'SoC_rst_ps8_0_99M_0' [c:/SOC_basic/day6_7_8/SoC/SoC.gen/sources_1/bd/SoC/ip/SoC_rst_ps8_0_99M_0/synth/SoC_rst_ps8_0_99M_0.vhd:74]
	Parameter C_FAMILY bound to: zynquplus - type: string 
	Parameter C_EXT_RST_WIDTH bound to: 4 - type: integer 
	Parameter C_AUX_RST_WIDTH bound to: 4 - type: integer 
	Parameter C_EXT_RESET_HIGH bound to: 1'b0 
	Parameter C_AUX_RESET_HIGH bound to: 1'b0 
	Parameter C_NUM_BUS_RST bound to: 1 - type: integer 
	Parameter C_NUM_PERP_RST bound to: 1 - type: integer 
	Parameter C_NUM_INTERCONNECT_ARESETN bound to: 1 - type: integer 
	Parameter C_NUM_PERP_ARESETN bound to: 1 - type: integer 
INFO: [Synth 8-3491] module 'proc_sys_reset' declared at 'c:/SOC_basic/day6_7_8/SoC/SoC.gen/sources_1/bd/SoC/ipshared/8842/hdl/proc_sys_reset_v5_0_vh_rfs.vhd:1264' bound to instance 'U0' of component 'proc_sys_reset' [c:/SOC_basic/day6_7_8/SoC/SoC.gen/sources_1/bd/SoC/ip/SoC_rst_ps8_0_99M_0/synth/SoC_rst_ps8_0_99M_0.vhd:129]
INFO: [Synth 8-638] synthesizing module 'proc_sys_reset' [c:/SOC_basic/day6_7_8/SoC/SoC.gen/sources_1/bd/SoC/ipshared/8842/hdl/proc_sys_reset_v5_0_vh_rfs.vhd:1323]
	Parameter INIT bound to: 1'b1 
INFO: [Synth 8-113] binding component instance 'FDRE_inst' to cell 'FDRE' [c:/SOC_basic/day6_7_8/SoC/SoC.gen/sources_1/bd/SoC/ipshared/8842/hdl/proc_sys_reset_v5_0_vh_rfs.vhd:1392]
	Parameter INIT bound to: 1'b1 
INFO: [Synth 8-113] binding component instance 'FDRE_BSR' to cell 'FDRE' [c:/SOC_basic/day6_7_8/SoC/SoC.gen/sources_1/bd/SoC/ipshared/8842/hdl/proc_sys_reset_v5_0_vh_rfs.vhd:1408]
	Parameter INIT bound to: 1'b0 
INFO: [Synth 8-113] binding component instance 'FDRE_BSR_N' to cell 'FDRE' [c:/SOC_basic/day6_7_8/SoC/SoC.gen/sources_1/bd/SoC/ipshared/8842/hdl/proc_sys_reset_v5_0_vh_rfs.vhd:1434]
	Parameter INIT bound to: 1'b1 
INFO: [Synth 8-113] binding component instance 'FDRE_PER' to cell 'FDRE' [c:/SOC_basic/day6_7_8/SoC/SoC.gen/sources_1/bd/SoC/ipshared/8842/hdl/proc_sys_reset_v5_0_vh_rfs.vhd:1457]
	Parameter INIT bound to: 1'b0 
INFO: [Synth 8-113] binding component instance 'FDRE_PER_N' to cell 'FDRE' [c:/SOC_basic/day6_7_8/SoC/SoC.gen/sources_1/bd/SoC/ipshared/8842/hdl/proc_sys_reset_v5_0_vh_rfs.vhd:1481]
INFO: [Synth 8-638] synthesizing module 'lpf' [c:/SOC_basic/day6_7_8/SoC/SoC.gen/sources_1/bd/SoC/ipshared/8842/hdl/proc_sys_reset_v5_0_vh_rfs.vhd:816]
INFO: [Synth 8-3491] module 'SRL16' declared at 'C:/Xilinx/Vivado/2022.2/scripts/rt/data/unisim_comp.v:131628' bound to instance 'POR_SRL_I' of component 'SRL16' [c:/SOC_basic/day6_7_8/SoC/SoC.gen/sources_1/bd/SoC/ipshared/8842/hdl/proc_sys_reset_v5_0_vh_rfs.vhd:868]
INFO: [Synth 8-6157] synthesizing module 'SRL16' [C:/Xilinx/Vivado/2022.2/scripts/rt/data/unisim_comp.v:131628]
INFO: [Synth 8-6155] done synthesizing module 'SRL16' (0#1) [C:/Xilinx/Vivado/2022.2/scripts/rt/data/unisim_comp.v:131628]
INFO: [Synth 8-638] synthesizing module 'cdc_sync' [c:/SOC_basic/day6_7_8/SoC/SoC.gen/sources_1/bd/SoC/ipshared/ef1e/hdl/lib_cdc_v1_0_rfs.vhd:106]
	Parameter INIT bound to: 1'b0 
INFO: [Synth 8-113] binding component instance 'CROSS_PLEVEL_IN2SCNDRY_IN_cdc_to' to cell 'FDR' [c:/SOC_basic/day6_7_8/SoC/SoC.gen/sources_1/bd/SoC/ipshared/ef1e/hdl/lib_cdc_v1_0_rfs.vhd:514]
	Parameter INIT bound to: 1'b0 
INFO: [Synth 8-113] binding component instance 'CROSS_PLEVEL_IN2SCNDRY_s_level_out_d2' to cell 'FDR' [c:/SOC_basic/day6_7_8/SoC/SoC.gen/sources_1/bd/SoC/ipshared/ef1e/hdl/lib_cdc_v1_0_rfs.vhd:545]
	Parameter INIT bound to: 1'b0 
INFO: [Synth 8-113] binding component instance 'CROSS_PLEVEL_IN2SCNDRY_s_level_out_d3' to cell 'FDR' [c:/SOC_basic/day6_7_8/SoC/SoC.gen/sources_1/bd/SoC/ipshared/ef1e/hdl/lib_cdc_v1_0_rfs.vhd:554]
	Parameter INIT bound to: 1'b0 
INFO: [Synth 8-113] binding component instance 'CROSS_PLEVEL_IN2SCNDRY_s_level_out_d4' to cell 'FDR' [c:/SOC_basic/day6_7_8/SoC/SoC.gen/sources_1/bd/SoC/ipshared/ef1e/hdl/lib_cdc_v1_0_rfs.vhd:564]
	Parameter INIT bound to: 1'b0 
INFO: [Synth 8-113] binding component instance 'CROSS_PLEVEL_IN2SCNDRY_s_level_out_d5' to cell 'FDR' [c:/SOC_basic/day6_7_8/SoC/SoC.gen/sources_1/bd/SoC/ipshared/ef1e/hdl/lib_cdc_v1_0_rfs.vhd:574]
	Parameter INIT bound to: 1'b0 
INFO: [Synth 8-113] binding component instance 'CROSS_PLEVEL_IN2SCNDRY_s_level_out_d6' to cell 'FDR' [c:/SOC_basic/day6_7_8/SoC/SoC.gen/sources_1/bd/SoC/ipshared/ef1e/hdl/lib_cdc_v1_0_rfs.vhd:584]
INFO: [Synth 8-256] done synthesizing module 'cdc_sync' (0#1) [c:/SOC_basic/day6_7_8/SoC/SoC.gen/sources_1/bd/SoC/ipshared/ef1e/hdl/lib_cdc_v1_0_rfs.vhd:106]
INFO: [Synth 8-256] done synthesizing module 'lpf' (0#1) [c:/SOC_basic/day6_7_8/SoC/SoC.gen/sources_1/bd/SoC/ipshared/8842/hdl/proc_sys_reset_v5_0_vh_rfs.vhd:816]
INFO: [Synth 8-638] synthesizing module 'sequence_psr' [c:/SOC_basic/day6_7_8/SoC/SoC.gen/sources_1/bd/SoC/ipshared/8842/hdl/proc_sys_reset_v5_0_vh_rfs.vhd:301]
INFO: [Synth 8-638] synthesizing module 'upcnt_n' [c:/SOC_basic/day6_7_8/SoC/SoC.gen/sources_1/bd/SoC/ipshared/8842/hdl/proc_sys_reset_v5_0_vh_rfs.vhd:125]
INFO: [Synth 8-256] done synthesizing module 'upcnt_n' (0#1) [c:/SOC_basic/day6_7_8/SoC/SoC.gen/sources_1/bd/SoC/ipshared/8842/hdl/proc_sys_reset_v5_0_vh_rfs.vhd:125]
INFO: [Synth 8-256] done synthesizing module 'sequence_psr' (0#1) [c:/SOC_basic/day6_7_8/SoC/SoC.gen/sources_1/bd/SoC/ipshared/8842/hdl/proc_sys_reset_v5_0_vh_rfs.vhd:301]
INFO: [Synth 8-256] done synthesizing module 'proc_sys_reset' (0#1) [c:/SOC_basic/day6_7_8/SoC/SoC.gen/sources_1/bd/SoC/ipshared/8842/hdl/proc_sys_reset_v5_0_vh_rfs.vhd:1323]
INFO: [Synth 8-256] done synthesizing module 'SoC_rst_ps8_0_99M_0' (0#1) [c:/SOC_basic/day6_7_8/SoC/SoC.gen/sources_1/bd/SoC/ip/SoC_rst_ps8_0_99M_0/synth/SoC_rst_ps8_0_99M_0.vhd:74]
WARNING: [Synth 8-7071] port 'mb_reset' of module 'SoC_rst_ps8_0_99M_0' is unconnected for instance 'rst_ps8_0_99M' [c:/SOC_basic/day6_7_8/SoC/SoC.gen/sources_1/bd/SoC/synth/SoC.v:237]
WARNING: [Synth 8-7071] port 'bus_struct_reset' of module 'SoC_rst_ps8_0_99M_0' is unconnected for instance 'rst_ps8_0_99M' [c:/SOC_basic/day6_7_8/SoC/SoC.gen/sources_1/bd/SoC/synth/SoC.v:237]
WARNING: [Synth 8-7071] port 'peripheral_reset' of module 'SoC_rst_ps8_0_99M_0' is unconnected for instance 'rst_ps8_0_99M' [c:/SOC_basic/day6_7_8/SoC/SoC.gen/sources_1/bd/SoC/synth/SoC.v:237]
WARNING: [Synth 8-7071] port 'interconnect_aresetn' of module 'SoC_rst_ps8_0_99M_0' is unconnected for instance 'rst_ps8_0_99M' [c:/SOC_basic/day6_7_8/SoC/SoC.gen/sources_1/bd/SoC/synth/SoC.v:237]
WARNING: [Synth 8-7023] instance 'rst_ps8_0_99M' of module 'SoC_rst_ps8_0_99M_0' has 10 connections declared, but only 6 given [c:/SOC_basic/day6_7_8/SoC/SoC.gen/sources_1/bd/SoC/synth/SoC.v:237]
INFO: [Synth 8-6157] synthesizing module 'SoC_zynq_ultra_ps_e_0_0' [c:/SOC_basic/day6_7_8/SoC/SoC.gen/sources_1/bd/SoC/ip/SoC_zynq_ultra_ps_e_0_0/synth/SoC_zynq_ultra_ps_e_0_0.v:53]
INFO: [Synth 8-6157] synthesizing module 'zynq_ultra_ps_e_v3_4_1_zynq_ultra_ps_e' [c:/SOC_basic/day6_7_8/SoC/SoC.gen/sources_1/bd/SoC/ip/SoC_zynq_ultra_ps_e_0_0/hdl/zynq_ultra_ps_e_v3_4_1.v:68]
INFO: [Synth 8-6157] synthesizing module 'BUFG_PS' [C:/Xilinx/Vivado/2022.2/scripts/rt/data/unisim_comp.v:1317]
INFO: [Synth 8-6155] done synthesizing module 'BUFG_PS' (0#1) [C:/Xilinx/Vivado/2022.2/scripts/rt/data/unisim_comp.v:1317]
INFO: [Synth 8-6157] synthesizing module 'PS8' [C:/Xilinx/Vivado/2022.2/scripts/rt/data/unisim_comp.v:110670]
INFO: [Synth 8-6155] done synthesizing module 'PS8' (0#1) [C:/Xilinx/Vivado/2022.2/scripts/rt/data/unisim_comp.v:110670]
WARNING: [Synth 8-689] width (5) of port connection 'EMIOSDIO0DATAOUT' does not match port width (8) of module 'PS8' [c:/SOC_basic/day6_7_8/SoC/SoC.gen/sources_1/bd/SoC/ip/SoC_zynq_ultra_ps_e_0_0/hdl/zynq_ultra_ps_e_v3_4_1.v:4655]
WARNING: [Synth 8-689] width (5) of port connection 'EMIOSDIO0DATAENA' does not match port width (8) of module 'PS8' [c:/SOC_basic/day6_7_8/SoC/SoC.gen/sources_1/bd/SoC/ip/SoC_zynq_ultra_ps_e_0_0/hdl/zynq_ultra_ps_e_v3_4_1.v:4656]
WARNING: [Synth 8-689] width (5) of port connection 'EMIOSDIO1DATAOUT' does not match port width (8) of module 'PS8' [c:/SOC_basic/day6_7_8/SoC/SoC.gen/sources_1/bd/SoC/ip/SoC_zynq_ultra_ps_e_0_0/hdl/zynq_ultra_ps_e_v3_4_1.v:4668]
WARNING: [Synth 8-689] width (5) of port connection 'EMIOSDIO1DATAENA' does not match port width (8) of module 'PS8' [c:/SOC_basic/day6_7_8/SoC/SoC.gen/sources_1/bd/SoC/ip/SoC_zynq_ultra_ps_e_0_0/hdl/zynq_ultra_ps_e_v3_4_1.v:4669]
WARNING: [Synth 8-7071] port 'PSS_ALTO_CORE_PAD_MGTTXN0OUT' of module 'PS8' is unconnected for instance 'PS8_i' [c:/SOC_basic/day6_7_8/SoC/SoC.gen/sources_1/bd/SoC/ip/SoC_zynq_ultra_ps_e_0_0/hdl/zynq_ultra_ps_e_v3_4_1.v:3845]
WARNING: [Synth 8-7071] port 'PSS_ALTO_CORE_PAD_MGTTXN1OUT' of module 'PS8' is unconnected for instance 'PS8_i' [c:/SOC_basic/day6_7_8/SoC/SoC.gen/sources_1/bd/SoC/ip/SoC_zynq_ultra_ps_e_0_0/hdl/zynq_ultra_ps_e_v3_4_1.v:3845]
WARNING: [Synth 8-7071] port 'PSS_ALTO_CORE_PAD_MGTTXN2OUT' of module 'PS8' is unconnected for instance 'PS8_i' [c:/SOC_basic/day6_7_8/SoC/SoC.gen/sources_1/bd/SoC/ip/SoC_zynq_ultra_ps_e_0_0/hdl/zynq_ultra_ps_e_v3_4_1.v:3845]
WARNING: [Synth 8-7071] port 'PSS_ALTO_CORE_PAD_MGTTXN3OUT' of module 'PS8' is unconnected for instance 'PS8_i' [c:/SOC_basic/day6_7_8/SoC/SoC.gen/sources_1/bd/SoC/ip/SoC_zynq_ultra_ps_e_0_0/hdl/zynq_ultra_ps_e_v3_4_1.v:3845]
WARNING: [Synth 8-7071] port 'PSS_ALTO_CORE_PAD_MGTTXP0OUT' of module 'PS8' is unconnected for instance 'PS8_i' [c:/SOC_basic/day6_7_8/SoC/SoC.gen/sources_1/bd/SoC/ip/SoC_zynq_ultra_ps_e_0_0/hdl/zynq_ultra_ps_e_v3_4_1.v:3845]
WARNING: [Synth 8-7071] port 'PSS_ALTO_CORE_PAD_MGTTXP1OUT' of module 'PS8' is unconnected for instance 'PS8_i' [c:/SOC_basic/day6_7_8/SoC/SoC.gen/sources_1/bd/SoC/ip/SoC_zynq_ultra_ps_e_0_0/hdl/zynq_ultra_ps_e_v3_4_1.v:3845]
WARNING: [Synth 8-7071] port 'PSS_ALTO_CORE_PAD_MGTTXP2OUT' of module 'PS8' is unconnected for instance 'PS8_i' [c:/SOC_basic/day6_7_8/SoC/SoC.gen/sources_1/bd/SoC/ip/SoC_zynq_ultra_ps_e_0_0/hdl/zynq_ultra_ps_e_v3_4_1.v:3845]
WARNING: [Synth 8-7071] port 'PSS_ALTO_CORE_PAD_MGTTXP3OUT' of module 'PS8' is unconnected for instance 'PS8_i' [c:/SOC_basic/day6_7_8/SoC/SoC.gen/sources_1/bd/SoC/ip/SoC_zynq_ultra_ps_e_0_0/hdl/zynq_ultra_ps_e_v3_4_1.v:3845]
WARNING: [Synth 8-7071] port 'PSS_ALTO_CORE_PAD_PADO' of module 'PS8' is unconnected for instance 'PS8_i' [c:/SOC_basic/day6_7_8/SoC/SoC.gen/sources_1/bd/SoC/ip/SoC_zynq_ultra_ps_e_0_0/hdl/zynq_ultra_ps_e_v3_4_1.v:3845]
WARNING: [Synth 8-7071] port 'PSS_ALTO_CORE_PAD_BOOTMODE' of module 'PS8' is unconnected for instance 'PS8_i' [c:/SOC_basic/day6_7_8/SoC/SoC.gen/sources_1/bd/SoC/ip/SoC_zynq_ultra_ps_e_0_0/hdl/zynq_ultra_ps_e_v3_4_1.v:3845]
WARNING: [Synth 8-7071] port 'PSS_ALTO_CORE_PAD_CLK' of module 'PS8' is unconnected for instance 'PS8_i' [c:/SOC_basic/day6_7_8/SoC/SoC.gen/sources_1/bd/SoC/ip/SoC_zynq_ultra_ps_e_0_0/hdl/zynq_ultra_ps_e_v3_4_1.v:3845]
WARNING: [Synth 8-7071] port 'PSS_ALTO_CORE_PAD_DONEB' of module 'PS8' is unconnected for instance 'PS8_i' [c:/SOC_basic/day6_7_8/SoC/SoC.gen/sources_1/bd/SoC/ip/SoC_zynq_ultra_ps_e_0_0/hdl/zynq_ultra_ps_e_v3_4_1.v:3845]
WARNING: [Synth 8-7071] port 'PSS_ALTO_CORE_PAD_DRAMA' of module 'PS8' is unconnected for instance 'PS8_i' [c:/SOC_basic/day6_7_8/SoC/SoC.gen/sources_1/bd/SoC/ip/SoC_zynq_ultra_ps_e_0_0/hdl/zynq_ultra_ps_e_v3_4_1.v:3845]
WARNING: [Synth 8-7071] port 'PSS_ALTO_CORE_PAD_DRAMACTN' of module 'PS8' is unconnected for instance 'PS8_i' [c:/SOC_basic/day6_7_8/SoC/SoC.gen/sources_1/bd/SoC/ip/SoC_zynq_ultra_ps_e_0_0/hdl/zynq_ultra_ps_e_v3_4_1.v:3845]
WARNING: [Synth 8-7071] port 'PSS_ALTO_CORE_PAD_DRAMALERTN' of module 'PS8' is unconnected for instance 'PS8_i' [c:/SOC_basic/day6_7_8/SoC/SoC.gen/sources_1/bd/SoC/ip/SoC_zynq_ultra_ps_e_0_0/hdl/zynq_ultra_ps_e_v3_4_1.v:3845]
WARNING: [Synth 8-7071] port 'PSS_ALTO_CORE_PAD_DRAMBA' of module 'PS8' is unconnected for instance 'PS8_i' [c:/SOC_basic/day6_7_8/SoC/SoC.gen/sources_1/bd/SoC/ip/SoC_zynq_ultra_ps_e_0_0/hdl/zynq_ultra_ps_e_v3_4_1.v:3845]
WARNING: [Synth 8-7071] port 'PSS_ALTO_CORE_PAD_DRAMBG' of module 'PS8' is unconnected for instance 'PS8_i' [c:/SOC_basic/day6_7_8/SoC/SoC.gen/sources_1/bd/SoC/ip/SoC_zynq_ultra_ps_e_0_0/hdl/zynq_ultra_ps_e_v3_4_1.v:3845]
WARNING: [Synth 8-7071] port 'PSS_ALTO_CORE_PAD_DRAMCK' of module 'PS8' is unconnected for instance 'PS8_i' [c:/SOC_basic/day6_7_8/SoC/SoC.gen/sources_1/bd/SoC/ip/SoC_zynq_ultra_ps_e_0_0/hdl/zynq_ultra_ps_e_v3_4_1.v:3845]
WARNING: [Synth 8-7071] port 'PSS_ALTO_CORE_PAD_DRAMCKE' of module 'PS8' is unconnected for instance 'PS8_i' [c:/SOC_basic/day6_7_8/SoC/SoC.gen/sources_1/bd/SoC/ip/SoC_zynq_ultra_ps_e_0_0/hdl/zynq_ultra_ps_e_v3_4_1.v:3845]
WARNING: [Synth 8-7071] port 'PSS_ALTO_CORE_PAD_DRAMCKN' of module 'PS8' is unconnected for instance 'PS8_i' [c:/SOC_basic/day6_7_8/SoC/SoC.gen/sources_1/bd/SoC/ip/SoC_zynq_ultra_ps_e_0_0/hdl/zynq_ultra_ps_e_v3_4_1.v:3845]
WARNING: [Synth 8-7071] port 'PSS_ALTO_CORE_PAD_DRAMCSN' of module 'PS8' is unconnected for instance 'PS8_i' [c:/SOC_basic/day6_7_8/SoC/SoC.gen/sources_1/bd/SoC/ip/SoC_zynq_ultra_ps_e_0_0/hdl/zynq_ultra_ps_e_v3_4_1.v:3845]
WARNING: [Synth 8-7071] port 'PSS_ALTO_CORE_PAD_DRAMDM' of module 'PS8' is unconnected for instance 'PS8_i' [c:/SOC_basic/day6_7_8/SoC/SoC.gen/sources_1/bd/SoC/ip/SoC_zynq_ultra_ps_e_0_0/hdl/zynq_ultra_ps_e_v3_4_1.v:3845]
WARNING: [Synth 8-7071] port 'PSS_ALTO_CORE_PAD_DRAMDQ' of module 'PS8' is unconnected for instance 'PS8_i' [c:/SOC_basic/day6_7_8/SoC/SoC.gen/sources_1/bd/SoC/ip/SoC_zynq_ultra_ps_e_0_0/hdl/zynq_ultra_ps_e_v3_4_1.v:3845]
WARNING: [Synth 8-7071] port 'PSS_ALTO_CORE_PAD_DRAMDQS' of module 'PS8' is unconnected for instance 'PS8_i' [c:/SOC_basic/day6_7_8/SoC/SoC.gen/sources_1/bd/SoC/ip/SoC_zynq_ultra_ps_e_0_0/hdl/zynq_ultra_ps_e_v3_4_1.v:3845]
WARNING: [Synth 8-7071] port 'PSS_ALTO_CORE_PAD_DRAMDQSN' of module 'PS8' is unconnected for instance 'PS8_i' [c:/SOC_basic/day6_7_8/SoC/SoC.gen/sources_1/bd/SoC/ip/SoC_zynq_ultra_ps_e_0_0/hdl/zynq_ultra_ps_e_v3_4_1.v:3845]
WARNING: [Synth 8-7071] port 'PSS_ALTO_CORE_PAD_DRAMODT' of module 'PS8' is unconnected for instance 'PS8_i' [c:/SOC_basic/day6_7_8/SoC/SoC.gen/sources_1/bd/SoC/ip/SoC_zynq_ultra_ps_e_0_0/hdl/zynq_ultra_ps_e_v3_4_1.v:3845]
WARNING: [Synth 8-7071] port 'PSS_ALTO_CORE_PAD_DRAMPARITY' of module 'PS8' is unconnected for instance 'PS8_i' [c:/SOC_basic/day6_7_8/SoC/SoC.gen/sources_1/bd/SoC/ip/SoC_zynq_ultra_ps_e_0_0/hdl/zynq_ultra_ps_e_v3_4_1.v:3845]
WARNING: [Synth 8-7071] port 'PSS_ALTO_CORE_PAD_DRAMRAMRSTN' of module 'PS8' is unconnected for instance 'PS8_i' [c:/SOC_basic/day6_7_8/SoC/SoC.gen/sources_1/bd/SoC/ip/SoC_zynq_ultra_ps_e_0_0/hdl/zynq_ultra_ps_e_v3_4_1.v:3845]
WARNING: [Synth 8-7071] port 'PSS_ALTO_CORE_PAD_ERROROUT' of module 'PS8' is unconnected for instance 'PS8_i' [c:/SOC_basic/day6_7_8/SoC/SoC.gen/sources_1/bd/SoC/ip/SoC_zynq_ultra_ps_e_0_0/hdl/zynq_ultra_ps_e_v3_4_1.v:3845]
WARNING: [Synth 8-7071] port 'PSS_ALTO_CORE_PAD_ERRORSTATUS' of module 'PS8' is unconnected for instance 'PS8_i' [c:/SOC_basic/day6_7_8/SoC/SoC.gen/sources_1/bd/SoC/ip/SoC_zynq_ultra_ps_e_0_0/hdl/zynq_ultra_ps_e_v3_4_1.v:3845]
WARNING: [Synth 8-7071] port 'PSS_ALTO_CORE_PAD_INITB' of module 'PS8' is unconnected for instance 'PS8_i' [c:/SOC_basic/day6_7_8/SoC/SoC.gen/sources_1/bd/SoC/ip/SoC_zynq_ultra_ps_e_0_0/hdl/zynq_ultra_ps_e_v3_4_1.v:3845]
WARNING: [Synth 8-7071] port 'PSS_ALTO_CORE_PAD_JTAGTCK' of module 'PS8' is unconnected for instance 'PS8_i' [c:/SOC_basic/day6_7_8/SoC/SoC.gen/sources_1/bd/SoC/ip/SoC_zynq_ultra_ps_e_0_0/hdl/zynq_ultra_ps_e_v3_4_1.v:3845]
WARNING: [Synth 8-7071] port 'PSS_ALTO_CORE_PAD_JTAGTDI' of module 'PS8' is unconnected for instance 'PS8_i' [c:/SOC_basic/day6_7_8/SoC/SoC.gen/sources_1/bd/SoC/ip/SoC_zynq_ultra_ps_e_0_0/hdl/zynq_ultra_ps_e_v3_4_1.v:3845]
WARNING: [Synth 8-7071] port 'PSS_ALTO_CORE_PAD_JTAGTDO' of module 'PS8' is unconnected for instance 'PS8_i' [c:/SOC_basic/day6_7_8/SoC/SoC.gen/sources_1/bd/SoC/ip/SoC_zynq_ultra_ps_e_0_0/hdl/zynq_ultra_ps_e_v3_4_1.v:3845]
WARNING: [Synth 8-7071] port 'PSS_ALTO_CORE_PAD_JTAGTMS' of module 'PS8' is unconnected for instance 'PS8_i' [c:/SOC_basic/day6_7_8/SoC/SoC.gen/sources_1/bd/SoC/ip/SoC_zynq_ultra_ps_e_0_0/hdl/zynq_ultra_ps_e_v3_4_1.v:3845]
WARNING: [Synth 8-7071] port 'PSS_ALTO_CORE_PAD_MIO' of module 'PS8' is unconnected for instance 'PS8_i' [c:/SOC_basic/day6_7_8/SoC/SoC.gen/sources_1/bd/SoC/ip/SoC_zynq_ultra_ps_e_0_0/hdl/zynq_ultra_ps_e_v3_4_1.v:3845]
WARNING: [Synth 8-7071] port 'PSS_ALTO_CORE_PAD_PORB' of module 'PS8' is unconnected for instance 'PS8_i' [c:/SOC_basic/day6_7_8/SoC/SoC.gen/sources_1/bd/SoC/ip/SoC_zynq_ultra_ps_e_0_0/hdl/zynq_ultra_ps_e_v3_4_1.v:3845]
WARNING: [Synth 8-7071] port 'PSS_ALTO_CORE_PAD_PROGB' of module 'PS8' is unconnected for instance 'PS8_i' [c:/SOC_basic/day6_7_8/SoC/SoC.gen/sources_1/bd/SoC/ip/SoC_zynq_ultra_ps_e_0_0/hdl/zynq_ultra_ps_e_v3_4_1.v:3845]
WARNING: [Synth 8-7071] port 'PSS_ALTO_CORE_PAD_RCALIBINOUT' of module 'PS8' is unconnected for instance 'PS8_i' [c:/SOC_basic/day6_7_8/SoC/SoC.gen/sources_1/bd/SoC/ip/SoC_zynq_ultra_ps_e_0_0/hdl/zynq_ultra_ps_e_v3_4_1.v:3845]
WARNING: [Synth 8-7071] port 'PSS_ALTO_CORE_PAD_SRSTB' of module 'PS8' is unconnected for instance 'PS8_i' [c:/SOC_basic/day6_7_8/SoC/SoC.gen/sources_1/bd/SoC/ip/SoC_zynq_ultra_ps_e_0_0/hdl/zynq_ultra_ps_e_v3_4_1.v:3845]
WARNING: [Synth 8-7071] port 'PSS_ALTO_CORE_PAD_ZQ' of module 'PS8' is unconnected for instance 'PS8_i' [c:/SOC_basic/day6_7_8/SoC/SoC.gen/sources_1/bd/SoC/ip/SoC_zynq_ultra_ps_e_0_0/hdl/zynq_ultra_ps_e_v3_4_1.v:3845]
WARNING: [Synth 8-7071] port 'PSS_ALTO_CORE_PAD_MGTRXN0IN' of module 'PS8' is unconnected for instance 'PS8_i' [c:/SOC_basic/day6_7_8/SoC/SoC.gen/sources_1/bd/SoC/ip/SoC_zynq_ultra_ps_e_0_0/hdl/zynq_ultra_ps_e_v3_4_1.v:3845]
WARNING: [Synth 8-7071] port 'PSS_ALTO_CORE_PAD_MGTRXN1IN' of module 'PS8' is unconnected for instance 'PS8_i' [c:/SOC_basic/day6_7_8/SoC/SoC.gen/sources_1/bd/SoC/ip/SoC_zynq_ultra_ps_e_0_0/hdl/zynq_ultra_ps_e_v3_4_1.v:3845]
WARNING: [Synth 8-7071] port 'PSS_ALTO_CORE_PAD_MGTRXN2IN' of module 'PS8' is unconnected for instance 'PS8_i' [c:/SOC_basic/day6_7_8/SoC/SoC.gen/sources_1/bd/SoC/ip/SoC_zynq_ultra_ps_e_0_0/hdl/zynq_ultra_ps_e_v3_4_1.v:3845]
WARNING: [Synth 8-7071] port 'PSS_ALTO_CORE_PAD_MGTRXN3IN' of module 'PS8' is unconnected for instance 'PS8_i' [c:/SOC_basic/day6_7_8/SoC/SoC.gen/sources_1/bd/SoC/ip/SoC_zynq_ultra_ps_e_0_0/hdl/zynq_ultra_ps_e_v3_4_1.v:3845]
WARNING: [Synth 8-7071] port 'PSS_ALTO_CORE_PAD_MGTRXP0IN' of module 'PS8' is unconnected for instance 'PS8_i' [c:/SOC_basic/day6_7_8/SoC/SoC.gen/sources_1/bd/SoC/ip/SoC_zynq_ultra_ps_e_0_0/hdl/zynq_ultra_ps_e_v3_4_1.v:3845]
WARNING: [Synth 8-7071] port 'PSS_ALTO_CORE_PAD_MGTRXP1IN' of module 'PS8' is unconnected for instance 'PS8_i' [c:/SOC_basic/day6_7_8/SoC/SoC.gen/sources_1/bd/SoC/ip/SoC_zynq_ultra_ps_e_0_0/hdl/zynq_ultra_ps_e_v3_4_1.v:3845]
WARNING: [Synth 8-7071] port 'PSS_ALTO_CORE_PAD_MGTRXP2IN' of module 'PS8' is unconnected for instance 'PS8_i' [c:/SOC_basic/day6_7_8/SoC/SoC.gen/sources_1/bd/SoC/ip/SoC_zynq_ultra_ps_e_0_0/hdl/zynq_ultra_ps_e_v3_4_1.v:3845]
WARNING: [Synth 8-7071] port 'PSS_ALTO_CORE_PAD_MGTRXP3IN' of module 'PS8' is unconnected for instance 'PS8_i' [c:/SOC_basic/day6_7_8/SoC/SoC.gen/sources_1/bd/SoC/ip/SoC_zynq_ultra_ps_e_0_0/hdl/zynq_ultra_ps_e_v3_4_1.v:3845]
WARNING: [Synth 8-7071] port 'PSS_ALTO_CORE_PAD_PADI' of module 'PS8' is unconnected for instance 'PS8_i' [c:/SOC_basic/day6_7_8/SoC/SoC.gen/sources_1/bd/SoC/ip/SoC_zynq_ultra_ps_e_0_0/hdl/zynq_ultra_ps_e_v3_4_1.v:3845]
WARNING: [Synth 8-7071] port 'PSS_ALTO_CORE_PAD_REFN0IN' of module 'PS8' is unconnected for instance 'PS8_i' [c:/SOC_basic/day6_7_8/SoC/SoC.gen/sources_1/bd/SoC/ip/SoC_zynq_ultra_ps_e_0_0/hdl/zynq_ultra_ps_e_v3_4_1.v:3845]
WARNING: [Synth 8-7071] port 'PSS_ALTO_CORE_PAD_REFN1IN' of module 'PS8' is unconnected for instance 'PS8_i' [c:/SOC_basic/day6_7_8/SoC/SoC.gen/sources_1/bd/SoC/ip/SoC_zynq_ultra_ps_e_0_0/hdl/zynq_ultra_ps_e_v3_4_1.v:3845]
WARNING: [Synth 8-7071] port 'PSS_ALTO_CORE_PAD_REFN2IN' of module 'PS8' is unconnected for instance 'PS8_i' [c:/SOC_basic/day6_7_8/SoC/SoC.gen/sources_1/bd/SoC/ip/SoC_zynq_ultra_ps_e_0_0/hdl/zynq_ultra_ps_e_v3_4_1.v:3845]
WARNING: [Synth 8-7071] port 'PSS_ALTO_CORE_PAD_REFN3IN' of module 'PS8' is unconnected for instance 'PS8_i' [c:/SOC_basic/day6_7_8/SoC/SoC.gen/sources_1/bd/SoC/ip/SoC_zynq_ultra_ps_e_0_0/hdl/zynq_ultra_ps_e_v3_4_1.v:3845]
WARNING: [Synth 8-7071] port 'PSS_ALTO_CORE_PAD_REFP0IN' of module 'PS8' is unconnected for instance 'PS8_i' [c:/SOC_basic/day6_7_8/SoC/SoC.gen/sources_1/bd/SoC/ip/SoC_zynq_ultra_ps_e_0_0/hdl/zynq_ultra_ps_e_v3_4_1.v:3845]
WARNING: [Synth 8-7071] port 'PSS_ALTO_CORE_PAD_REFP1IN' of module 'PS8' is unconnected for instance 'PS8_i' [c:/SOC_basic/day6_7_8/SoC/SoC.gen/sources_1/bd/SoC/ip/SoC_zynq_ultra_ps_e_0_0/hdl/zynq_ultra_ps_e_v3_4_1.v:3845]
WARNING: [Synth 8-7071] port 'PSS_ALTO_CORE_PAD_REFP2IN' of module 'PS8' is unconnected for instance 'PS8_i' [c:/SOC_basic/day6_7_8/SoC/SoC.gen/sources_1/bd/SoC/ip/SoC_zynq_ultra_ps_e_0_0/hdl/zynq_ultra_ps_e_v3_4_1.v:3845]
WARNING: [Synth 8-7071] port 'PSS_ALTO_CORE_PAD_REFP3IN' of module 'PS8' is unconnected for instance 'PS8_i' [c:/SOC_basic/day6_7_8/SoC/SoC.gen/sources_1/bd/SoC/ip/SoC_zynq_ultra_ps_e_0_0/hdl/zynq_ultra_ps_e_v3_4_1.v:3845]
WARNING: [Synth 8-7023] instance 'PS8_i' of module 'PS8' has 1015 connections declared, but only 957 given [c:/SOC_basic/day6_7_8/SoC/SoC.gen/sources_1/bd/SoC/ip/SoC_zynq_ultra_ps_e_0_0/hdl/zynq_ultra_ps_e_v3_4_1.v:3845]
INFO: [Synth 8-6155] done synthesizing module 'zynq_ultra_ps_e_v3_4_1_zynq_ultra_ps_e' (0#1) [c:/SOC_basic/day6_7_8/SoC/SoC.gen/sources_1/bd/SoC/ip/SoC_zynq_ultra_ps_e_0_0/hdl/zynq_ultra_ps_e_v3_4_1.v:68]
WARNING: [Synth 8-7071] port 'emio_enet0_signal_detect' of module 'zynq_ultra_ps_e_v3_4_1_zynq_ultra_ps_e' is unconnected for instance 'inst' [c:/SOC_basic/day6_7_8/SoC/SoC.gen/sources_1/bd/SoC/ip/SoC_zynq_ultra_ps_e_0_0/synth/SoC_zynq_ultra_ps_e_0_0.v:363]
WARNING: [Synth 8-7071] port 'emio_enet1_signal_detect' of module 'zynq_ultra_ps_e_v3_4_1_zynq_ultra_ps_e' is unconnected for instance 'inst' [c:/SOC_basic/day6_7_8/SoC/SoC.gen/sources_1/bd/SoC/ip/SoC_zynq_ultra_ps_e_0_0/synth/SoC_zynq_ultra_ps_e_0_0.v:363]
WARNING: [Synth 8-7071] port 'emio_enet2_signal_detect' of module 'zynq_ultra_ps_e_v3_4_1_zynq_ultra_ps_e' is unconnected for instance 'inst' [c:/SOC_basic/day6_7_8/SoC/SoC.gen/sources_1/bd/SoC/ip/SoC_zynq_ultra_ps_e_0_0/synth/SoC_zynq_ultra_ps_e_0_0.v:363]
WARNING: [Synth 8-7071] port 'emio_enet3_signal_detect' of module 'zynq_ultra_ps_e_v3_4_1_zynq_ultra_ps_e' is unconnected for instance 'inst' [c:/SOC_basic/day6_7_8/SoC/SoC.gen/sources_1/bd/SoC/ip/SoC_zynq_ultra_ps_e_0_0/synth/SoC_zynq_ultra_ps_e_0_0.v:363]
WARNING: [Synth 8-7023] instance 'inst' of module 'zynq_ultra_ps_e_v3_4_1_zynq_ultra_ps_e' has 1491 connections declared, but only 1487 given [c:/SOC_basic/day6_7_8/SoC/SoC.gen/sources_1/bd/SoC/ip/SoC_zynq_ultra_ps_e_0_0/synth/SoC_zynq_ultra_ps_e_0_0.v:363]
INFO: [Synth 8-6155] done synthesizing module 'SoC_zynq_ultra_ps_e_0_0' (0#1) [c:/SOC_basic/day6_7_8/SoC/SoC.gen/sources_1/bd/SoC/ip/SoC_zynq_ultra_ps_e_0_0/synth/SoC_zynq_ultra_ps_e_0_0.v:53]
WARNING: [Synth 8-7071] port 'maxigp0_awuser' of module 'SoC_zynq_ultra_ps_e_0_0' is unconnected for instance 'zynq_ultra_ps_e_0' [c:/SOC_basic/day6_7_8/SoC/SoC.gen/sources_1/bd/SoC/synth/SoC.v:244]
WARNING: [Synth 8-7071] port 'maxigp0_aruser' of module 'SoC_zynq_ultra_ps_e_0_0' is unconnected for instance 'zynq_ultra_ps_e_0' [c:/SOC_basic/day6_7_8/SoC/SoC.gen/sources_1/bd/SoC/synth/SoC.v:244]
WARNING: [Synth 8-7071] port 'maxigp1_awuser' of module 'SoC_zynq_ultra_ps_e_0_0' is unconnected for instance 'zynq_ultra_ps_e_0' [c:/SOC_basic/day6_7_8/SoC/SoC.gen/sources_1/bd/SoC/synth/SoC.v:244]
WARNING: [Synth 8-7071] port 'maxigp1_aruser' of module 'SoC_zynq_ultra_ps_e_0_0' is unconnected for instance 'zynq_ultra_ps_e_0' [c:/SOC_basic/day6_7_8/SoC/SoC.gen/sources_1/bd/SoC/synth/SoC.v:244]
WARNING: [Synth 8-7071] port 'pl_clk1' of module 'SoC_zynq_ultra_ps_e_0_0' is unconnected for instance 'zynq_ultra_ps_e_0' [c:/SOC_basic/day6_7_8/SoC/SoC.gen/sources_1/bd/SoC/synth/SoC.v:244]
WARNING: [Synth 8-7023] instance 'zynq_ultra_ps_e_0' of module 'SoC_zynq_ultra_ps_e_0_0' has 84 connections declared, but only 79 given [c:/SOC_basic/day6_7_8/SoC/SoC.gen/sources_1/bd/SoC/synth/SoC.v:244]
INFO: [Synth 8-6155] done synthesizing module 'SoC' (0#1) [c:/SOC_basic/day6_7_8/SoC/SoC.gen/sources_1/bd/SoC/synth/SoC.v:12]
INFO: [Synth 8-6155] done synthesizing module 'SoC_wrapper' (0#1) [C:/SOC_basic/day6_7_8/SoC/SoC.gen/sources_1/bd/SoC/hdl/SoC_wrapper.v:12]
WARNING: [Synth 8-6014] Unused sequential element slv_reg0_reg was removed.  [c:/SOC_basic/day6_7_8/SoC/SoC.gen/sources_1/bd/SoC/ipshared/f5f5/hdl/Median_Filter_IP_v1_0_S00_AXI.v:223]
WARNING: [Synth 8-6014] Unused sequential element slv_reg1_reg was removed.  [c:/SOC_basic/day6_7_8/SoC/SoC.gen/sources_1/bd/SoC/ipshared/f5f5/hdl/Median_Filter_IP_v1_0_S00_AXI.v:224]
WARNING: [Synth 8-6014] Unused sequential element slv_reg2_reg was removed.  [c:/SOC_basic/day6_7_8/SoC/SoC.gen/sources_1/bd/SoC/ipshared/f5f5/hdl/Median_Filter_IP_v1_0_S00_AXI.v:225]
WARNING: [Synth 8-6014] Unused sequential element slv_reg3_reg was removed.  [c:/SOC_basic/day6_7_8/SoC/SoC.gen/sources_1/bd/SoC/ipshared/f5f5/hdl/Median_Filter_IP_v1_0_S00_AXI.v:226]
WARNING: [Synth 8-6014] Unused sequential element cmd_empty_reg was removed.  [c:/SOC_basic/day6_7_8/SoC/SoC.gen/sources_1/bd/SoC/ipshared/4675/hdl/axi_dwidth_converter_v2_1_vlsyn_rfs.v:1053]
WARNING: [Synth 8-6014] Unused sequential element cmd_depth_reg was removed.  [c:/SOC_basic/day6_7_8/SoC/SoC.gen/sources_1/bd/SoC/ipshared/4675/hdl/axi_dwidth_converter_v2_1_vlsyn_rfs.v:1054]
WARNING: [Synth 8-6014] Unused sequential element cmd_b_push_block_reg was removed.  [c:/SOC_basic/day6_7_8/SoC/SoC.gen/sources_1/bd/SoC/ipshared/4675/hdl/axi_dwidth_converter_v2_1_vlsyn_rfs.v:976]
WARNING: [Synth 8-6014] Unused sequential element state_r1_reg was removed.  [c:/SOC_basic/day6_7_8/SoC/SoC.gen/sources_1/bd/SoC/ipshared/aeb3/hdl/axi_protocol_converter_v2_1_vl_rfs.v:3383]
WARNING: [Synth 8-6014] Unused sequential element s_arlen_r_reg was removed.  [c:/SOC_basic/day6_7_8/SoC/SoC.gen/sources_1/bd/SoC/ipshared/aeb3/hdl/axi_protocol_converter_v2_1_vl_rfs.v:3384]
WARNING: [Synth 8-6014] Unused sequential element gen_debug_trans_seq.debug_aw_trans_seq_i_reg was removed.  [c:/SOC_basic/day6_7_8/SoC/SoC.gen/sources_1/bd/SoC/ipshared/c40e/hdl/axi_crossbar_v2_1_vl_rfs.v:2056]
WARNING: [Synth 8-6014] Unused sequential element gen_debug_trans_seq.debug_ar_trans_seq_i_reg was removed.  [c:/SOC_basic/day6_7_8/SoC/SoC.gen/sources_1/bd/SoC/ipshared/c40e/hdl/axi_crossbar_v2_1_vl_rfs.v:2067]
WARNING: [Synth 8-6014] Unused sequential element gen_debug_trans_seq.debug_w_beat_cnt_i_reg was removed.  [c:/SOC_basic/day6_7_8/SoC/SoC.gen/sources_1/bd/SoC/ipshared/c40e/hdl/axi_crossbar_v2_1_vl_rfs.v:2078]
WARNING: [Synth 8-6014] Unused sequential element gen_debug_trans_seq.debug_r_beat_cnt_i_reg was removed.  [c:/SOC_basic/day6_7_8/SoC/SoC.gen/sources_1/bd/SoC/ipshared/c40e/hdl/axi_crossbar_v2_1_vl_rfs.v:2091]
WARNING: [Synth 8-3848] Net dp_audio_ref_clk in module/entity zynq_ultra_ps_e_v3_4_1_zynq_ultra_ps_e does not have driver. [c:/SOC_basic/day6_7_8/SoC/SoC.gen/sources_1/bd/SoC/ip/SoC_zynq_ultra_ps_e_0_0/hdl/zynq_ultra_ps_e_v3_4_1.v:344]
WARNING: [Synth 8-3848] Net irq_ipi_pl_0 in module/entity zynq_ultra_ps_e_v3_4_1_zynq_ultra_ps_e does not have driver. [c:/SOC_basic/day6_7_8/SoC/SoC.gen/sources_1/bd/SoC/ip/SoC_zynq_ultra_ps_e_0_0/hdl/zynq_ultra_ps_e_v3_4_1.v:1364]
WARNING: [Synth 8-3848] Net irq_ipi_pl_1 in module/entity zynq_ultra_ps_e_v3_4_1_zynq_ultra_ps_e does not have driver. [c:/SOC_basic/day6_7_8/SoC/SoC.gen/sources_1/bd/SoC/ip/SoC_zynq_ultra_ps_e_0_0/hdl/zynq_ultra_ps_e_v3_4_1.v:1365]
WARNING: [Synth 8-3848] Net irq_ipi_pl_2 in module/entity zynq_ultra_ps_e_v3_4_1_zynq_ultra_ps_e does not have driver. [c:/SOC_basic/day6_7_8/SoC/SoC.gen/sources_1/bd/SoC/ip/SoC_zynq_ultra_ps_e_0_0/hdl/zynq_ultra_ps_e_v3_4_1.v:1366]
WARNING: [Synth 8-3848] Net irq_ipi_pl_3 in module/entity zynq_ultra_ps_e_v3_4_1_zynq_ultra_ps_e does not have driver. [c:/SOC_basic/day6_7_8/SoC/SoC.gen/sources_1/bd/SoC/ip/SoC_zynq_ultra_ps_e_0_0/hdl/zynq_ultra_ps_e_v3_4_1.v:1367]
WARNING: [Synth 8-7129] Port dp_audio_ref_clk in module zynq_ultra_ps_e_v3_4_1_zynq_ultra_ps_e is either unconnected or has no load
WARNING: [Synth 8-7129] Port irq_ipi_pl_0 in module zynq_ultra_ps_e_v3_4_1_zynq_ultra_ps_e is either unconnected or has no load
WARNING: [Synth 8-7129] Port irq_ipi_pl_1 in module zynq_ultra_ps_e_v3_4_1_zynq_ultra_ps_e is either unconnected or has no load
WARNING: [Synth 8-7129] Port irq_ipi_pl_2 in module zynq_ultra_ps_e_v3_4_1_zynq_ultra_ps_e is either unconnected or has no load
WARNING: [Synth 8-7129] Port irq_ipi_pl_3 in module zynq_ultra_ps_e_v3_4_1_zynq_ultra_ps_e is either unconnected or has no load
WARNING: [Synth 8-7129] Port saxihpc0_fpd_rclk in module zynq_ultra_ps_e_v3_4_1_zynq_ultra_ps_e is either unconnected or has no load
WARNING: [Synth 8-7129] Port saxihpc0_fpd_wclk in module zynq_ultra_ps_e_v3_4_1_zynq_ultra_ps_e is either unconnected or has no load
WARNING: [Synth 8-7129] Port saxihpc1_fpd_rclk in module zynq_ultra_ps_e_v3_4_1_zynq_ultra_ps_e is either unconnected or has no load
WARNING: [Synth 8-7129] Port saxihpc1_fpd_wclk in module zynq_ultra_ps_e_v3_4_1_zynq_ultra_ps_e is either unconnected or has no load
WARNING: [Synth 8-7129] Port saxihp0_fpd_rclk in module zynq_ultra_ps_e_v3_4_1_zynq_ultra_ps_e is either unconnected or has no load
WARNING: [Synth 8-7129] Port saxihp0_fpd_wclk in module zynq_ultra_ps_e_v3_4_1_zynq_ultra_ps_e is either unconnected or has no load
WARNING: [Synth 8-7129] Port saxihp1_fpd_rclk in module zynq_ultra_ps_e_v3_4_1_zynq_ultra_ps_e is either unconnected or has no load
WARNING: [Synth 8-7129] Port saxihp1_fpd_wclk in module zynq_ultra_ps_e_v3_4_1_zynq_ultra_ps_e is either unconnected or has no load
WARNING: [Synth 8-7129] Port saxihp2_fpd_rclk in module zynq_ultra_ps_e_v3_4_1_zynq_ultra_ps_e is either unconnected or has no load
WARNING: [Synth 8-7129] Port saxihp2_fpd_wclk in module zynq_ultra_ps_e_v3_4_1_zynq_ultra_ps_e is either unconnected or has no load
WARNING: [Synth 8-7129] Port saxihp3_fpd_rclk in module zynq_ultra_ps_e_v3_4_1_zynq_ultra_ps_e is either unconnected or has no load
WARNING: [Synth 8-7129] Port saxihp3_fpd_wclk in module zynq_ultra_ps_e_v3_4_1_zynq_ultra_ps_e is either unconnected or has no load
WARNING: [Synth 8-7129] Port saxi_lpd_rclk in module zynq_ultra_ps_e_v3_4_1_zynq_ultra_ps_e is either unconnected or has no load
WARNING: [Synth 8-7129] Port saxi_lpd_wclk in module zynq_ultra_ps_e_v3_4_1_zynq_ultra_ps_e is either unconnected or has no load
WARNING: [Synth 8-7129] Port sacefpd_awuser[15] in module zynq_ultra_ps_e_v3_4_1_zynq_ultra_ps_e is either unconnected or has no load
WARNING: [Synth 8-7129] Port sacefpd_awuser[14] in module zynq_ultra_ps_e_v3_4_1_zynq_ultra_ps_e is either unconnected or has no load
WARNING: [Synth 8-7129] Port sacefpd_awuser[13] in module zynq_ultra_ps_e_v3_4_1_zynq_ultra_ps_e is either unconnected or has no load
WARNING: [Synth 8-7129] Port sacefpd_awuser[12] in module zynq_ultra_ps_e_v3_4_1_zynq_ultra_ps_e is either unconnected or has no load
WARNING: [Synth 8-7129] Port sacefpd_awuser[11] in module zynq_ultra_ps_e_v3_4_1_zynq_ultra_ps_e is either unconnected or has no load
WARNING: [Synth 8-7129] Port sacefpd_awuser[10] in module zynq_ultra_ps_e_v3_4_1_zynq_ultra_ps_e is either unconnected or has no load
WARNING: [Synth 8-7129] Port sacefpd_awuser[9] in module zynq_ultra_ps_e_v3_4_1_zynq_ultra_ps_e is either unconnected or has no load
WARNING: [Synth 8-7129] Port sacefpd_awuser[8] in module zynq_ultra_ps_e_v3_4_1_zynq_ultra_ps_e is either unconnected or has no load
WARNING: [Synth 8-7129] Port sacefpd_awuser[7] in module zynq_ultra_ps_e_v3_4_1_zynq_ultra_ps_e is either unconnected or has no load
WARNING: [Synth 8-7129] Port sacefpd_awuser[6] in module zynq_ultra_ps_e_v3_4_1_zynq_ultra_ps_e is either unconnected or has no load
WARNING: [Synth 8-7129] Port sacefpd_aruser[15] in module zynq_ultra_ps_e_v3_4_1_zynq_ultra_ps_e is either unconnected or has no load
WARNING: [Synth 8-7129] Port sacefpd_aruser[14] in module zynq_ultra_ps_e_v3_4_1_zynq_ultra_ps_e is either unconnected or has no load
WARNING: [Synth 8-7129] Port sacefpd_aruser[13] in module zynq_ultra_ps_e_v3_4_1_zynq_ultra_ps_e is either unconnected or has no load
WARNING: [Synth 8-7129] Port sacefpd_aruser[12] in module zynq_ultra_ps_e_v3_4_1_zynq_ultra_ps_e is either unconnected or has no load
WARNING: [Synth 8-7129] Port sacefpd_aruser[11] in module zynq_ultra_ps_e_v3_4_1_zynq_ultra_ps_e is either unconnected or has no load
WARNING: [Synth 8-7129] Port sacefpd_aruser[10] in module zynq_ultra_ps_e_v3_4_1_zynq_ultra_ps_e is either unconnected or has no load
WARNING: [Synth 8-7129] Port sacefpd_aruser[9] in module zynq_ultra_ps_e_v3_4_1_zynq_ultra_ps_e is either unconnected or has no load
WARNING: [Synth 8-7129] Port sacefpd_aruser[8] in module zynq_ultra_ps_e_v3_4_1_zynq_ultra_ps_e is either unconnected or has no load
WARNING: [Synth 8-7129] Port sacefpd_aruser[7] in module zynq_ultra_ps_e_v3_4_1_zynq_ultra_ps_e is either unconnected or has no load
WARNING: [Synth 8-7129] Port sacefpd_aruser[6] in module zynq_ultra_ps_e_v3_4_1_zynq_ultra_ps_e is either unconnected or has no load
WARNING: [Synth 8-7129] Port test_adc_clk[3] in module zynq_ultra_ps_e_v3_4_1_zynq_ultra_ps_e is either unconnected or has no load
WARNING: [Synth 8-7129] Port test_adc_clk[2] in module zynq_ultra_ps_e_v3_4_1_zynq_ultra_ps_e is either unconnected or has no load
WARNING: [Synth 8-7129] Port test_adc_clk[1] in module zynq_ultra_ps_e_v3_4_1_zynq_ultra_ps_e is either unconnected or has no load
WARNING: [Synth 8-7129] Port test_adc_clk[0] in module zynq_ultra_ps_e_v3_4_1_zynq_ultra_ps_e is either unconnected or has no load
WARNING: [Synth 8-7129] Port test_adc_in[31] in module zynq_ultra_ps_e_v3_4_1_zynq_ultra_ps_e is either unconnected or has no load
WARNING: [Synth 8-7129] Port test_adc_in[30] in module zynq_ultra_ps_e_v3_4_1_zynq_ultra_ps_e is either unconnected or has no load
WARNING: [Synth 8-7129] Port test_adc_in[29] in module zynq_ultra_ps_e_v3_4_1_zynq_ultra_ps_e is either unconnected or has no load
WARNING: [Synth 8-7129] Port test_adc_in[28] in module zynq_ultra_ps_e_v3_4_1_zynq_ultra_ps_e is either unconnected or has no load
WARNING: [Synth 8-7129] Port test_adc_in[27] in module zynq_ultra_ps_e_v3_4_1_zynq_ultra_ps_e is either unconnected or has no load
WARNING: [Synth 8-7129] Port test_adc_in[26] in module zynq_ultra_ps_e_v3_4_1_zynq_ultra_ps_e is either unconnected or has no load
WARNING: [Synth 8-7129] Port test_adc_in[25] in module zynq_ultra_ps_e_v3_4_1_zynq_ultra_ps_e is either unconnected or has no load
WARNING: [Synth 8-7129] Port test_adc_in[24] in module zynq_ultra_ps_e_v3_4_1_zynq_ultra_ps_e is either unconnected or has no load
WARNING: [Synth 8-7129] Port test_adc_in[23] in module zynq_ultra_ps_e_v3_4_1_zynq_ultra_ps_e is either unconnected or has no load
WARNING: [Synth 8-7129] Port test_adc_in[22] in module zynq_ultra_ps_e_v3_4_1_zynq_ultra_ps_e is either unconnected or has no load
WARNING: [Synth 8-7129] Port test_adc_in[21] in module zynq_ultra_ps_e_v3_4_1_zynq_ultra_ps_e is either unconnected or has no load
WARNING: [Synth 8-7129] Port test_adc_in[20] in module zynq_ultra_ps_e_v3_4_1_zynq_ultra_ps_e is either unconnected or has no load
WARNING: [Synth 8-7129] Port test_adc_in[19] in module zynq_ultra_ps_e_v3_4_1_zynq_ultra_ps_e is either unconnected or has no load
WARNING: [Synth 8-7129] Port test_adc_in[18] in module zynq_ultra_ps_e_v3_4_1_zynq_ultra_ps_e is either unconnected or has no load
WARNING: [Synth 8-7129] Port test_adc_in[17] in module zynq_ultra_ps_e_v3_4_1_zynq_ultra_ps_e is either unconnected or has no load
WARNING: [Synth 8-7129] Port test_adc_in[16] in module zynq_ultra_ps_e_v3_4_1_zynq_ultra_ps_e is either unconnected or has no load
WARNING: [Synth 8-7129] Port test_adc_in[15] in module zynq_ultra_ps_e_v3_4_1_zynq_ultra_ps_e is either unconnected or has no load
WARNING: [Synth 8-7129] Port test_adc_in[14] in module zynq_ultra_ps_e_v3_4_1_zynq_ultra_ps_e is either unconnected or has no load
WARNING: [Synth 8-7129] Port test_adc_in[13] in module zynq_ultra_ps_e_v3_4_1_zynq_ultra_ps_e is either unconnected or has no load
WARNING: [Synth 8-7129] Port test_adc_in[12] in module zynq_ultra_ps_e_v3_4_1_zynq_ultra_ps_e is either unconnected or has no load
WARNING: [Synth 8-7129] Port test_adc_in[11] in module zynq_ultra_ps_e_v3_4_1_zynq_ultra_ps_e is either unconnected or has no load
WARNING: [Synth 8-7129] Port test_adc_in[10] in module zynq_ultra_ps_e_v3_4_1_zynq_ultra_ps_e is either unconnected or has no load
WARNING: [Synth 8-7129] Port test_adc_in[9] in module zynq_ultra_ps_e_v3_4_1_zynq_ultra_ps_e is either unconnected or has no load
WARNING: [Synth 8-7129] Port test_adc_in[8] in module zynq_ultra_ps_e_v3_4_1_zynq_ultra_ps_e is either unconnected or has no load
WARNING: [Synth 8-7129] Port test_adc_in[7] in module zynq_ultra_ps_e_v3_4_1_zynq_ultra_ps_e is either unconnected or has no load
WARNING: [Synth 8-7129] Port test_adc_in[6] in module zynq_ultra_ps_e_v3_4_1_zynq_ultra_ps_e is either unconnected or has no load
WARNING: [Synth 8-7129] Port test_adc_in[5] in module zynq_ultra_ps_e_v3_4_1_zynq_ultra_ps_e is either unconnected or has no load
WARNING: [Synth 8-7129] Port test_adc_in[4] in module zynq_ultra_ps_e_v3_4_1_zynq_ultra_ps_e is either unconnected or has no load
WARNING: [Synth 8-7129] Port test_adc_in[3] in module zynq_ultra_ps_e_v3_4_1_zynq_ultra_ps_e is either unconnected or has no load
WARNING: [Synth 8-7129] Port test_adc_in[2] in module zynq_ultra_ps_e_v3_4_1_zynq_ultra_ps_e is either unconnected or has no load
WARNING: [Synth 8-7129] Port test_adc_in[1] in module zynq_ultra_ps_e_v3_4_1_zynq_ultra_ps_e is either unconnected or has no load
WARNING: [Synth 8-7129] Port test_adc_in[0] in module zynq_ultra_ps_e_v3_4_1_zynq_ultra_ps_e is either unconnected or has no load
WARNING: [Synth 8-7129] Port test_adc2_in[31] in module zynq_ultra_ps_e_v3_4_1_zynq_ultra_ps_e is either unconnected or has no load
WARNING: [Synth 8-7129] Port test_adc2_in[30] in module zynq_ultra_ps_e_v3_4_1_zynq_ultra_ps_e is either unconnected or has no load
WARNING: [Synth 8-7129] Port test_adc2_in[29] in module zynq_ultra_ps_e_v3_4_1_zynq_ultra_ps_e is either unconnected or has no load
WARNING: [Synth 8-7129] Port test_adc2_in[28] in module zynq_ultra_ps_e_v3_4_1_zynq_ultra_ps_e is either unconnected or has no load
WARNING: [Synth 8-7129] Port test_adc2_in[27] in module zynq_ultra_ps_e_v3_4_1_zynq_ultra_ps_e is either unconnected or has no load
WARNING: [Synth 8-7129] Port test_adc2_in[26] in module zynq_ultra_ps_e_v3_4_1_zynq_ultra_ps_e is either unconnected or has no load
WARNING: [Synth 8-7129] Port test_adc2_in[25] in module zynq_ultra_ps_e_v3_4_1_zynq_ultra_ps_e is either unconnected or has no load
WARNING: [Synth 8-7129] Port test_adc2_in[24] in module zynq_ultra_ps_e_v3_4_1_zynq_ultra_ps_e is either unconnected or has no load
WARNING: [Synth 8-7129] Port test_adc2_in[23] in module zynq_ultra_ps_e_v3_4_1_zynq_ultra_ps_e is either unconnected or has no load
WARNING: [Synth 8-7129] Port test_adc2_in[22] in module zynq_ultra_ps_e_v3_4_1_zynq_ultra_ps_e is either unconnected or has no load
WARNING: [Synth 8-7129] Port test_adc2_in[21] in module zynq_ultra_ps_e_v3_4_1_zynq_ultra_ps_e is either unconnected or has no load
WARNING: [Synth 8-7129] Port test_adc2_in[20] in module zynq_ultra_ps_e_v3_4_1_zynq_ultra_ps_e is either unconnected or has no load
WARNING: [Synth 8-7129] Port test_adc2_in[19] in module zynq_ultra_ps_e_v3_4_1_zynq_ultra_ps_e is either unconnected or has no load
WARNING: [Synth 8-7129] Port test_adc2_in[18] in module zynq_ultra_ps_e_v3_4_1_zynq_ultra_ps_e is either unconnected or has no load
WARNING: [Synth 8-7129] Port test_adc2_in[17] in module zynq_ultra_ps_e_v3_4_1_zynq_ultra_ps_e is either unconnected or has no load
WARNING: [Synth 8-7129] Port test_adc2_in[16] in module zynq_ultra_ps_e_v3_4_1_zynq_ultra_ps_e is either unconnected or has no load
WARNING: [Synth 8-7129] Port test_adc2_in[15] in module zynq_ultra_ps_e_v3_4_1_zynq_ultra_ps_e is either unconnected or has no load
WARNING: [Synth 8-7129] Port test_adc2_in[14] in module zynq_ultra_ps_e_v3_4_1_zynq_ultra_ps_e is either unconnected or has no load
WARNING: [Synth 8-7129] Port test_adc2_in[13] in module zynq_ultra_ps_e_v3_4_1_zynq_ultra_ps_e is either unconnected or has no load
WARNING: [Synth 8-7129] Port test_adc2_in[12] in module zynq_ultra_ps_e_v3_4_1_zynq_ultra_ps_e is either unconnected or has no load
WARNING: [Synth 8-7129] Port test_adc2_in[11] in module zynq_ultra_ps_e_v3_4_1_zynq_ultra_ps_e is either unconnected or has no load
WARNING: [Synth 8-7129] Port test_adc2_in[10] in module zynq_ultra_ps_e_v3_4_1_zynq_ultra_ps_e is either unconnected or has no load
WARNING: [Synth 8-7129] Port test_adc2_in[9] in module zynq_ultra_ps_e_v3_4_1_zynq_ultra_ps_e is either unconnected or has no load
WARNING: [Synth 8-7129] Port test_adc2_in[8] in module zynq_ultra_ps_e_v3_4_1_zynq_ultra_ps_e is either unconnected or has no load
WARNING: [Synth 8-7129] Port test_adc2_in[7] in module zynq_ultra_ps_e_v3_4_1_zynq_ultra_ps_e is either unconnected or has no load
INFO: [Common 17-14] Message 'Synth 8-7129' appears 100 times and further instances of the messages will be disabled. Use the Tcl command set_msg_config to change the current settings.
---------------------------------------------------------------------------------
Finished RTL Elaboration : Time (s): cpu = 00:00:39 ; elapsed = 00:00:42 . Memory (MB): peak = 2689.199 ; gain = 615.402
---------------------------------------------------------------------------------
---------------------------------------------------------------------------------
Start Handling Custom Attributes
---------------------------------------------------------------------------------
---------------------------------------------------------------------------------
Finished Handling Custom Attributes : Time (s): cpu = 00:00:39 ; elapsed = 00:00:43 . Memory (MB): peak = 2689.199 ; gain = 615.402
---------------------------------------------------------------------------------
---------------------------------------------------------------------------------
Finished RTL Optimization Phase 1 : Time (s): cpu = 00:00:39 ; elapsed = 00:00:43 . Memory (MB): peak = 2689.199 ; gain = 615.402
---------------------------------------------------------------------------------
Netlist sorting complete. Time (s): cpu = 00:00:00 ; elapsed = 00:00:00.584 . Memory (MB): peak = 2689.199 ; gain = 0.000
INFO: [Netlist 29-17] Analyzing 13 Unisim elements for replacement
INFO: [Netlist 29-28] Unisim Transformation completed in 0 CPU seconds
INFO: [Project 1-570] Preparing netlist for logic optimization

Processing XDC Constraints
Initializing timing engine
Parsing XDC File [c:/SOC_basic/day6_7_8/SoC/SoC.gen/sources_1/bd/SoC/ip/SoC_zynq_ultra_ps_e_0_0/SoC_zynq_ultra_ps_e_0_0.xdc] for cell 'SoC_i/zynq_ultra_ps_e_0/inst'
create_clock: Time (s): cpu = 00:00:08 ; elapsed = 00:00:08 . Memory (MB): peak = 2791.523 ; gain = 0.137
Finished Parsing XDC File [c:/SOC_basic/day6_7_8/SoC/SoC.gen/sources_1/bd/SoC/ip/SoC_zynq_ultra_ps_e_0_0/SoC_zynq_ultra_ps_e_0_0.xdc] for cell 'SoC_i/zynq_ultra_ps_e_0/inst'
Parsing XDC File [c:/SOC_basic/day6_7_8/SoC/SoC.gen/sources_1/bd/SoC/ip/SoC_rst_ps8_0_99M_0/SoC_rst_ps8_0_99M_0_board.xdc] for cell 'SoC_i/rst_ps8_0_99M/U0'
Finished Parsing XDC File [c:/SOC_basic/day6_7_8/SoC/SoC.gen/sources_1/bd/SoC/ip/SoC_rst_ps8_0_99M_0/SoC_rst_ps8_0_99M_0_board.xdc] for cell 'SoC_i/rst_ps8_0_99M/U0'
Parsing XDC File [c:/SOC_basic/day6_7_8/SoC/SoC.gen/sources_1/bd/SoC/ip/SoC_rst_ps8_0_99M_0/SoC_rst_ps8_0_99M_0.xdc] for cell 'SoC_i/rst_ps8_0_99M/U0'
Finished Parsing XDC File [c:/SOC_basic/day6_7_8/SoC/SoC.gen/sources_1/bd/SoC/ip/SoC_rst_ps8_0_99M_0/SoC_rst_ps8_0_99M_0.xdc] for cell 'SoC_i/rst_ps8_0_99M/U0'
Parsing XDC File [C:/SOC_basic/day6_7_8/SoC/SoC.runs/synth_1/dont_touch.xdc]
Finished Parsing XDC File [C:/SOC_basic/day6_7_8/SoC/SoC.runs/synth_1/dont_touch.xdc]
INFO: [Project 1-236] Implementation specific constraints were found while reading constraint file [C:/SOC_basic/day6_7_8/SoC/SoC.runs/synth_1/dont_touch.xdc]. These constraints will be ignored for synthesis but will be used in implementation. Impacted constraints are listed in the file [.Xil/SoC_wrapper_propImpl.xdc].
Resolution: To avoid this warning, move constraints listed in [.Xil/SoC_wrapper_propImpl.xdc] to another XDC file and exclude this new file from synthesis with the used_in_synthesis property (File Properties dialog in GUI) and re-run elaboration/synthesis.
INFO: [Project 1-1714] 6 XPM XDC files have been applied to the design.
Completed Processing XDC Constraints

Netlist sorting complete. Time (s): cpu = 00:00:00 ; elapsed = 00:00:00.006 . Memory (MB): peak = 2791.523 ; gain = 0.000
INFO: [Project 1-111] Unisim Transformation Summary:
  A total of 13 instances were transformed.
  FDR => FDRE: 12 instances
  SRL16 => SRL16E: 1 instance 

Constraint Validation Runtime : Time (s): cpu = 00:00:00 ; elapsed = 00:00:00.132 . Memory (MB): peak = 2791.523 ; gain = 0.000
INFO: [Synth 8-11241] undeclared symbol 'REGCCE', assumed default net type 'wire' [C:/Xilinx/Vivado/2022.2/data/verilog/src/unimacro/BRAM_SINGLE_MACRO.v:2170]
---------------------------------------------------------------------------------
Finished Constraint Validation : Time (s): cpu = 00:01:07 ; elapsed = 00:01:12 . Memory (MB): peak = 2791.523 ; gain = 717.727
---------------------------------------------------------------------------------
---------------------------------------------------------------------------------
Start Loading Part and Timing Information
---------------------------------------------------------------------------------
Loading part: xck26-sfvc784-2LV-c
INFO: [Synth 8-6742] Reading net delay rules and data
---------------------------------------------------------------------------------
Finished Loading Part and Timing Information : Time (s): cpu = 00:01:07 ; elapsed = 00:01:12 . Memory (MB): peak = 2791.523 ; gain = 717.727
---------------------------------------------------------------------------------
---------------------------------------------------------------------------------
Start Applying 'set_property' XDC Constraints
---------------------------------------------------------------------------------
Applied set_property DONT_TOUCH = true for SoC_i/zynq_ultra_ps_e_0/inst/PS8_i. (constraint file  c:/SOC_basic/day6_7_8/SoC/SoC.gen/sources_1/bd/SoC/ip/SoC_zynq_ultra_ps_e_0_0/SoC_zynq_ultra_ps_e_0_0.xdc, line 26).
Applied set_property KEEP_HIERARCHY = SOFT for SoC_i/zynq_ultra_ps_e_0/inst. (constraint file  C:/SOC_basic/day6_7_8/SoC/SoC.runs/synth_1/dont_touch.xdc, line 37).
Applied set_property KEEP_HIERARCHY = SOFT for SoC_i/ps8_0_axi_periph/s00_couplers/auto_ds/inst. (constraint file  C:/SOC_basic/day6_7_8/SoC/SoC.runs/synth_1/dont_touch.xdc, line 42).
Applied set_property KEEP_HIERARCHY = SOFT for SoC_i/ps8_0_axi_periph/s01_couplers/auto_ds/inst. (constraint file  C:/SOC_basic/day6_7_8/SoC/SoC.runs/synth_1/dont_touch.xdc, line 49).
Applied set_property KEEP_HIERARCHY = SOFT for SoC_i/rst_ps8_0_99M/U0. (constraint file  C:/SOC_basic/day6_7_8/SoC/SoC.runs/synth_1/dont_touch.xdc, line 56).
Applied set_property KEEP_HIERARCHY = SOFT for SoC_i. (constraint file  auto generated constraint).
Applied set_property KEEP_HIERARCHY = SOFT for SoC_i/Median_Filter_IP_0. (constraint file  auto generated constraint).
Applied set_property KEEP_HIERARCHY = SOFT for SoC_i/zynq_ultra_ps_e_0. (constraint file  auto generated constraint).
Applied set_property KEEP_HIERARCHY = SOFT for SoC_i/ps8_0_axi_periph/xbar. (constraint file  auto generated constraint).
Applied set_property KEEP_HIERARCHY = SOFT for SoC_i/ps8_0_axi_periph/s00_couplers/auto_ds. (constraint file  auto generated constraint).
Applied set_property KEEP_HIERARCHY = SOFT for SoC_i/ps8_0_axi_periph/s00_couplers/auto_pc. (constraint file  auto generated constraint).
Applied set_property KEEP_HIERARCHY = SOFT for SoC_i/ps8_0_axi_periph/s01_couplers/auto_ds. (constraint file  auto generated constraint).
Applied set_property KEEP_HIERARCHY = SOFT for SoC_i/ps8_0_axi_periph/s01_couplers/auto_pc. (constraint file  auto generated constraint).
Applied set_property KEEP_HIERARCHY = SOFT for SoC_i/ps8_0_axi_periph. (constraint file  auto generated constraint).
Applied set_property KEEP_HIERARCHY = SOFT for SoC_i/rst_ps8_0_99M. (constraint file  auto generated constraint).
Applied set_property KEEP_HIERARCHY = SOFT for SoC_i/ps8_0_axi_periph/s00_couplers/auto_ds/inst/\gen_downsizer.gen_simple_downsizer.axi_downsizer_inst /\USE_WRITE.write_addr_inst /\USE_B_CHANNEL.cmd_b_queue /inst/fifo_gen_inst/inst_fifo_gen/\gconvfifo.rf /\grf.rf /rstblk/\ngwrdrst.grst.g7serrst.gnsckt_wrst.rst_wr_reg2_inst . (constraint file  auto generated constraint).
Applied set_property KEEP_HIERARCHY = SOFT for SoC_i/ps8_0_axi_periph/s00_couplers/auto_ds/inst/\gen_downsizer.gen_simple_downsizer.axi_downsizer_inst /\USE_WRITE.write_addr_inst /cmd_queue/inst/fifo_gen_inst/inst_fifo_gen/\gconvfifo.rf /\grf.rf /rstblk/\ngwrdrst.grst.g7serrst.gnsckt_wrst.rst_wr_reg2_inst . (constraint file  auto generated constraint).
Applied set_property KEEP_HIERARCHY = SOFT for SoC_i/ps8_0_axi_periph/s00_couplers/auto_ds/inst/\gen_downsizer.gen_simple_downsizer.axi_downsizer_inst /\USE_READ.read_addr_inst /cmd_queue/inst/fifo_gen_inst/inst_fifo_gen/\gconvfifo.rf /\grf.rf /rstblk/\ngwrdrst.grst.g7serrst.gnsckt_wrst.rst_wr_reg2_inst . (constraint file  auto generated constraint).
Applied set_property KEEP_HIERARCHY = SOFT for SoC_i/ps8_0_axi_periph/s01_couplers/auto_ds/inst/\gen_downsizer.gen_simple_downsizer.axi_downsizer_inst /\USE_WRITE.write_addr_inst /\USE_B_CHANNEL.cmd_b_queue /inst/fifo_gen_inst/inst_fifo_gen/\gconvfifo.rf /\grf.rf /rstblk/\ngwrdrst.grst.g7serrst.gnsckt_wrst.rst_wr_reg2_inst . (constraint file  auto generated constraint).
Applied set_property KEEP_HIERARCHY = SOFT for SoC_i/ps8_0_axi_periph/s01_couplers/auto_ds/inst/\gen_downsizer.gen_simple_downsizer.axi_downsizer_inst /\USE_WRITE.write_addr_inst /cmd_queue/inst/fifo_gen_inst/inst_fifo_gen/\gconvfifo.rf /\grf.rf /rstblk/\ngwrdrst.grst.g7serrst.gnsckt_wrst.rst_wr_reg2_inst . (constraint file  auto generated constraint).
Applied set_property KEEP_HIERARCHY = SOFT for SoC_i/ps8_0_axi_periph/s01_couplers/auto_ds/inst/\gen_downsizer.gen_simple_downsizer.axi_downsizer_inst /\USE_READ.read_addr_inst /cmd_queue/inst/fifo_gen_inst/inst_fifo_gen/\gconvfifo.rf /\grf.rf /rstblk/\ngwrdrst.grst.g7serrst.gnsckt_wrst.rst_wr_reg2_inst . (constraint file  auto generated constraint).
---------------------------------------------------------------------------------
Finished applying 'set_property' XDC Constraints : Time (s): cpu = 00:01:08 ; elapsed = 00:01:12 . Memory (MB): peak = 2791.523 ; gain = 717.727
---------------------------------------------------------------------------------
INFO: [Synth 8-802] inferred FSM for state register 'state_r_reg' in module 'Median_Filter_FSM_CTRL'
INFO: [Synth 8-802] inferred FSM for state register 'state_r_reg' in module 'Median_Filter_Datapath'
INFO: [Synth 8-802] inferred FSM for state register 'gpregsm1.curr_fwft_state_reg' in module 'rd_fwft'
INFO: [Synth 8-802] inferred FSM for state register 'state_reg' in module 'axi_protocol_converter_v2_1_27_b2s_wr_cmd_fsm'
INFO: [Synth 8-802] inferred FSM for state register 'state_reg' in module 'axi_protocol_converter_v2_1_27_b2s_rd_cmd_fsm'
---------------------------------------------------------------------------------------------------
                   State |                     New Encoding |                Previous Encoding 
---------------------------------------------------------------------------------------------------
                    IDLE |                              000 |                              000
                    LOAD |                              010 |                              001
                    WORK |                              100 |                              010
                    READ |                              011 |                              011
                    DONE |                              001 |                              100
---------------------------------------------------------------------------------------------------
INFO: [Synth 8-3354] encoded FSM with state register 'state_r_reg' using encoding 'sequential' in module 'Median_Filter_FSM_CTRL'
INFO: [Synth 8-7030] Implemented Non-Cascaded Block Ram (cascade_height = 1) of width 8 for RAM "Median_Filter_BRAM_Bank:/mem_reg"
---------------------------------------------------------------------------------------------------
                   State |                     New Encoding |                Previous Encoding 
---------------------------------------------------------------------------------------------------
                 DP_IDLE |                        000000001 |                             0000
             DP_READ_REQ |                        000000010 |                             0001
            DP_READ_WAIT |                        000000100 |                             0010
              DP_CAPTURE |                        000001000 |                             0011
           DP_WRITE_COPY |                        000010000 |                             0100
           DP_WRITE_LEFT |                        000100000 |                             0101
            DP_WRITE_MED |                        001000000 |                             0110
          DP_WRITE_RIGHT |                        010000000 |                             0111
                 DP_DONE |                        100000000 |                             1000
---------------------------------------------------------------------------------------------------
INFO: [Synth 8-3354] encoded FSM with state register 'state_r_reg' using encoding 'one-hot' in module 'Median_Filter_Datapath'
INFO: [Synth 8-6159] Found Keep on FSM register 'gpregsm1.curr_fwft_state_reg' in module 'rd_fwft', re-encoding will not be performed
---------------------------------------------------------------------------------------------------
                   State |                     New Encoding |                Previous Encoding 
---------------------------------------------------------------------------------------------------
                 invalid |                               00 |                               00
            stage1_valid |                               10 |                               10
       both_stages_valid |                               11 |                               11
            stage2_valid |                               01 |                               01
---------------------------------------------------------------------------------------------------
---------------------------------------------------------------------------------------------------
                   State |                     New Encoding |                Previous Encoding 
---------------------------------------------------------------------------------------------------
                 SM_IDLE |                               01 |                               00
               SM_CMD_EN |                               11 |                               01
         SM_CMD_ACCEPTED |                               10 |                               10
            SM_DONE_WAIT |                               00 |                               11
---------------------------------------------------------------------------------------------------
INFO: [Synth 8-3354] encoded FSM with state register 'state_reg' using encoding 'sequential' in module 'axi_protocol_converter_v2_1_27_b2s_wr_cmd_fsm'
---------------------------------------------------------------------------------------------------
                   State |                     New Encoding |                Previous Encoding 
---------------------------------------------------------------------------------------------------
                 SM_IDLE |                               01 |                               00
               SM_CMD_EN |                               11 |                               01
         SM_CMD_ACCEPTED |                               10 |                               10
                 SM_DONE |                               00 |                               11
---------------------------------------------------------------------------------------------------
INFO: [Synth 8-3354] encoded FSM with state register 'state_reg' using encoding 'sequential' in module 'axi_protocol_converter_v2_1_27_b2s_rd_cmd_fsm'
---------------------------------------------------------------------------------
Finished RTL Optimization Phase 2 : Time (s): cpu = 00:01:14 ; elapsed = 00:01:19 . Memory (MB): peak = 2791.523 ; gain = 717.727
---------------------------------------------------------------------------------
---------------------------------------------------------------------------------
Start RTL Component Statistics 
---------------------------------------------------------------------------------
Detailed RTL Component Info : 
+---Adders : 
	   2 Input   40 Bit       Adders := 4     
	   2 Input   16 Bit       Adders := 3     
	   2 Input   12 Bit       Adders := 18    
	   2 Input    9 Bit       Adders := 4     
	   2 Input    8 Bit       Adders := 16    
	   3 Input    8 Bit       Adders := 4     
	   2 Input    6 Bit       Adders := 5     
	   2 Input    5 Bit       Adders := 20    
	   2 Input    4 Bit       Adders := 16    
	   2 Input    2 Bit       Adders := 7     
+---XORs : 
	   2 Input      1 Bit         XORs := 120   
+---Registers : 
	               72 Bit    Registers := 1     
	               70 Bit    Registers := 8     
	               40 Bit    Registers := 16    
	               36 Bit    Registers := 6     
	               32 Bit    Registers := 8     
	               29 Bit    Registers := 8     
	               16 Bit    Registers := 13    
	               12 Bit    Registers := 18    
	                9 Bit    Registers := 8     
	                8 Bit    Registers := 44    
	                7 Bit    Registers := 4     
	                6 Bit    Registers := 5     
	                5 Bit    Registers := 36    
	                4 Bit    Registers := 44    
	                3 Bit    Registers := 16    
	                2 Bit    Registers := 49    
	                1 Bit    Registers := 218   
+---RAMs : 
	              32K Bit	(4096 X 8 bit)          RAMs := 4     
+---Muxes : 
	   2 Input   72 Bit        Muxes := 2     
	   2 Input   70 Bit        Muxes := 8     
	   8 Input   40 Bit        Muxes := 4     
	   2 Input   40 Bit        Muxes := 24    
	   2 Input   36 Bit        Muxes := 6     
	   4 Input   32 Bit        Muxes := 2     
	   2 Input   32 Bit        Muxes := 8     
	   2 Input   16 Bit        Muxes := 3     
	   5 Input   16 Bit        Muxes := 2     
	   7 Input   12 Bit        Muxes := 1     
	   9 Input   12 Bit        Muxes := 1     
	   2 Input   12 Bit        Muxes := 25    
	   9 Input    9 Bit        Muxes := 1     
	   2 Input    9 Bit        Muxes := 14    
	   2 Input    8 Bit        Muxes := 111   
	   7 Input    8 Bit        Muxes := 1     
	   9 Input    8 Bit        Muxes := 10    
	   8 Input    7 Bit        Muxes := 4     
	   2 Input    6 Bit        Muxes := 1     
	   8 Input    5 Bit        Muxes := 4     
	   2 Input    5 Bit        Muxes := 8     
	   2 Input    4 Bit        Muxes := 44    
	   8 Input    4 Bit        Muxes := 8     
	   5 Input    3 Bit        Muxes := 1     
	  10 Input    3 Bit        Muxes := 1     
	   2 Input    3 Bit        Muxes := 8     
	   2 Input    2 Bit        Muxes := 128   
	   5 Input    2 Bit        Muxes := 9     
	   4 Input    2 Bit        Muxes := 14    
	   2 Input    1 Bit        Muxes := 147   
	   5 Input    1 Bit        Muxes := 9     
	   7 Input    1 Bit        Muxes := 1     
	   9 Input    1 Bit        Muxes := 5     
	   3 Input    1 Bit        Muxes := 6     
	   4 Input    1 Bit        Muxes := 14    
---------------------------------------------------------------------------------
Finished RTL Component Statistics 
---------------------------------------------------------------------------------
---------------------------------------------------------------------------------
Start Part Resource Summary
---------------------------------------------------------------------------------
Part Resources:
DSPs: 1248 (col length:96)
BRAMs: 288 (col length: RAMB18 96 RAMB36 48)
---------------------------------------------------------------------------------
Finished Part Resource Summary
---------------------------------------------------------------------------------
---------------------------------------------------------------------------------
Start Cross Boundary and Area Optimization
---------------------------------------------------------------------------------
WARNING: [Synth 8-7080] Parallel synthesis criteria is not met
INFO: [Synth 8-3936] Found unconnected internal register 'inst/gen_axilite.gen_b2s_conv.axilite_b2s/SI_REG/aw.aw_pipe/m_payload_i_reg' and it is trimmed from '70' to '62' bits. [c:/SOC_basic/day6_7_8/SoC/SoC.gen/sources_1/bd/SoC/ipshared/f0b4/hdl/axi_register_slice_v2_1_vl_rfs.v:1731]
INFO: [Synth 8-3936] Found unconnected internal register 'inst/gen_axilite.gen_b2s_conv.axilite_b2s/SI_REG/b.b_pipe/m_payload_i_reg' and it is trimmed from '3' to '2' bits. [c:/SOC_basic/day6_7_8/SoC/SoC.gen/sources_1/bd/SoC/ipshared/f0b4/hdl/axi_register_slice_v2_1_vl_rfs.v:1731]
INFO: [Synth 8-3936] Found unconnected internal register 'inst/gen_axilite.gen_b2s_conv.axilite_b2s/SI_REG/ar.ar_pipe/m_payload_i_reg' and it is trimmed from '70' to '62' bits. [c:/SOC_basic/day6_7_8/SoC/SoC.gen/sources_1/bd/SoC/ipshared/f0b4/hdl/axi_register_slice_v2_1_vl_rfs.v:1731]
INFO: [Synth 8-3936] Found unconnected internal register 'inst/gen_axilite.gen_b2s_conv.axilite_b2s/SI_REG/r.r_pipe/m_payload_i_reg' and it is trimmed from '36' to '35' bits. [c:/SOC_basic/day6_7_8/SoC/SoC.gen/sources_1/bd/SoC/ipshared/f0b4/hdl/axi_register_slice_v2_1_vl_rfs.v:1731]
INFO: [Synth 8-3936] Found unconnected internal register 'inst/gen_axilite.gen_b2s_conv.axilite_b2s/SI_REG/aw.aw_pipe/m_payload_i_reg' and it is trimmed from '70' to '62' bits. [c:/SOC_basic/day6_7_8/SoC/SoC.gen/sources_1/bd/SoC/ipshared/f0b4/hdl/axi_register_slice_v2_1_vl_rfs.v:1731]
INFO: [Synth 8-3936] Found unconnected internal register 'inst/gen_axilite.gen_b2s_conv.axilite_b2s/SI_REG/b.b_pipe/m_payload_i_reg' and it is trimmed from '3' to '2' bits. [c:/SOC_basic/day6_7_8/SoC/SoC.gen/sources_1/bd/SoC/ipshared/f0b4/hdl/axi_register_slice_v2_1_vl_rfs.v:1731]
INFO: [Synth 8-3936] Found unconnected internal register 'inst/gen_axilite.gen_b2s_conv.axilite_b2s/SI_REG/ar.ar_pipe/m_payload_i_reg' and it is trimmed from '70' to '62' bits. [c:/SOC_basic/day6_7_8/SoC/SoC.gen/sources_1/bd/SoC/ipshared/f0b4/hdl/axi_register_slice_v2_1_vl_rfs.v:1731]
INFO: [Synth 8-3936] Found unconnected internal register 'inst/gen_axilite.gen_b2s_conv.axilite_b2s/SI_REG/r.r_pipe/m_payload_i_reg' and it is trimmed from '36' to '35' bits. [c:/SOC_basic/day6_7_8/SoC/SoC.gen/sources_1/bd/SoC/ipshared/f0b4/hdl/axi_register_slice_v2_1_vl_rfs.v:1731]
INFO: [Synth 8-3936] Found unconnected internal register 'inst/gen_sasd.crossbar_sasd_0/reg_slice_r/m_payload_i_reg' and it is trimmed from '36' to '35' bits. [c:/SOC_basic/day6_7_8/SoC/SoC.gen/sources_1/bd/SoC/ipshared/f0b4/hdl/axi_register_slice_v2_1_vl_rfs.v:1731]
INFO: [Synth 8-7030] Implemented Non-Cascaded Block Ram (cascade_height = 1) of width 8 for RAM "SoC_i/Median_Filter_IP_0/inst/Median_Filter_IP_v1_0_S00_AXI_inst/u1/u_Median_Filter_Input_Bank_Memories/u_Bank0/mem_reg"
INFO: [Synth 8-7030] Implemented Non-Cascaded Block Ram (cascade_height = 1) of width 8 for RAM "SoC_i/Median_Filter_IP_0/inst/Median_Filter_IP_v1_0_S00_AXI_inst/u1/u_Median_Filter_Input_Bank_Memories/u_Bank1/mem_reg"
INFO: [Synth 8-7030] Implemented Non-Cascaded Block Ram (cascade_height = 1) of width 8 for RAM "SoC_i/Median_Filter_IP_0/inst/Median_Filter_IP_v1_0_S00_AXI_inst/u1/u_Median_Filter_Input_Bank_Memories/u_Bank2/mem_reg"
INFO: [Synth 8-7030] Implemented Non-Cascaded Block Ram (cascade_height = 1) of width 8 for RAM "SoC_i/Median_Filter_IP_0/inst/Median_Filter_IP_v1_0_S00_AXI_inst/u1/u_Median_Filter_Output_Memory/u_Output_BRAM/mem_reg"
WARNING: [Synth 8-3332] Sequential element (EXT_LPF/ACTIVE_LOW_EXT.ACT_LO_EXT/GENERATE_LEVEL_P_S_CDC.SINGLE_BIT.CROSS_PLEVEL_IN2SCNDRY_s_level_out_d5) is unused and will be removed from module proc_sys_reset.
WARNING: [Synth 8-3332] Sequential element (EXT_LPF/ACTIVE_LOW_EXT.ACT_LO_EXT/GENERATE_LEVEL_P_S_CDC.SINGLE_BIT.CROSS_PLEVEL_IN2SCNDRY_s_level_out_d6) is unused and will be removed from module proc_sys_reset.
WARNING: [Synth 8-3332] Sequential element (EXT_LPF/ACTIVE_LOW_AUX.ACT_LO_AUX/GENERATE_LEVEL_P_S_CDC.SINGLE_BIT.CROSS_PLEVEL_IN2SCNDRY_s_level_out_d5) is unused and will be removed from module proc_sys_reset.
WARNING: [Synth 8-3332] Sequential element (EXT_LPF/ACTIVE_LOW_AUX.ACT_LO_AUX/GENERATE_LEVEL_P_S_CDC.SINGLE_BIT.CROSS_PLEVEL_IN2SCNDRY_s_level_out_d6) is unused and will be removed from module proc_sys_reset.
WARNING: [Synth 8-3332] Sequential element (FDRE_inst) is unused and will be removed from module proc_sys_reset.
WARNING: [Synth 8-3332] Sequential element (BSR_OUT_DFF[0].FDRE_BSR) is unused and will be removed from module proc_sys_reset.
WARNING: [Synth 8-3332] Sequential element (ACTIVE_LOW_BSR_OUT_DFF[0].FDRE_BSR_N) is unused and will be removed from module proc_sys_reset.
WARNING: [Synth 8-3332] Sequential element (PR_OUT_DFF[0].FDRE_PER) is unused and will be removed from module proc_sys_reset.
---------------------------------------------------------------------------------
Finished Cross Boundary and Area Optimization : Time (s): cpu = 00:01:49 ; elapsed = 00:01:55 . Memory (MB): peak = 2791.523 ; gain = 717.727
---------------------------------------------------------------------------------
---------------------------------------------------------------------------------
Start ROM, RAM, DSP, Shift Register and Retiming Reporting
---------------------------------------------------------------------------------

Block RAM: Preliminary Mapping Report (see note below)
+-------------------------+------------------------------------------------------------------------------------------------+------------------------+---+---+------------------------+---+---+------------------+--------+--------+-----------------+
|Module Name              | RTL Object                                                                                     | PORT A (Depth x Width) | W | R | PORT B (Depth x Width) | W | R | Ports driving FF | RAMB18 | RAMB36 | Cascade Heights | 
+-------------------------+------------------------------------------------------------------------------------------------+------------------------+---+---+------------------------+---+---+------------------+--------+--------+-----------------+
|SoC_i/Median_Filter_IP_0 | inst/Median_Filter_IP_v1_0_S00_AXI_inst/u1/u_Median_Filter_Input_Bank_Memories/u_Bank0/mem_reg | 4 K x 8(READ_FIRST)    | W |   | 4 K x 8(WRITE_FIRST)   |   | R | Port A and B     | 0      | 1      | 1               | 
|SoC_i/Median_Filter_IP_0 | inst/Median_Filter_IP_v1_0_S00_AXI_inst/u1/u_Median_Filter_Input_Bank_Memories/u_Bank1/mem_reg | 4 K x 8(READ_FIRST)    | W |   | 4 K x 8(WRITE_FIRST)   |   | R | Port A and B     | 0      | 1      | 1               | 
|SoC_i/Median_Filter_IP_0 | inst/Median_Filter_IP_v1_0_S00_AXI_inst/u1/u_Median_Filter_Input_Bank_Memories/u_Bank2/mem_reg | 4 K x 8(READ_FIRST)    | W |   | 4 K x 8(WRITE_FIRST)   |   | R | Port A and B     | 0      | 1      | 1               | 
|SoC_i/Median_Filter_IP_0 | inst/Median_Filter_IP_v1_0_S00_AXI_inst/u1/u_Median_Filter_Output_Memory/u_Output_BRAM/mem_reg | 4 K x 8(READ_FIRST)    | W |   | 4 K x 8(WRITE_FIRST)   |   | R | Port A and B     | 0      | 1      | 1               | 
+-------------------------+------------------------------------------------------------------------------------------------+------------------------+---+---+------------------------+---+---+------------------+--------+--------+-----------------+

Note: The table above is a preliminary report that shows the Block RAMs at the current stage of the synthesis flow. Some Block RAMs may be reimplemented as non Block RAM primitives later in the synthesis flow. Multiple instantiated Block RAMs are reported only once. 

Distributed RAM: Preliminary Mapping Report (see note below)
+----------------------------------------------------------------------------------------------------------------------------------------------------------------------------------+-------------------------------------------------------------------------------+----------------+----------------------+---------------+
|Module Name                                                                                                                                                                       | RTL Object                                                                    | Inference      | Size (Depth x Width) | Primitives    | 
+----------------------------------------------------------------------------------------------------------------------------------------------------------------------------------+-------------------------------------------------------------------------------+----------------+----------------------+---------------+
|SoC_i/ps8_0_axi_periph/\s00_couplers/auto_ds /inst/\gen_downsizer.gen_simple_downsizer.axi_downsizer_inst/USE_WRITE.write_addr_inst/USE_B_CHANNEL.cmd_b_queue/inst/fifo_gen_inst  | inst_fifo_gen/gconvfifo.rf/grf.rf/gntv_or_sync_fifo.mem/gdm.dm_gen.dm/RAM_reg | User Attribute | 32 x 9               | RAM32M16 x 1  | 
|SoC_i/ps8_0_axi_periph/\s00_couplers/auto_ds /inst/\gen_downsizer.gen_simple_downsizer.axi_downsizer_inst/USE_WRITE.write_addr_inst/cmd_queue/inst/fifo_gen_inst                  | inst_fifo_gen/gconvfifo.rf/grf.rf/gntv_or_sync_fifo.mem/gdm.dm_gen.dm/RAM_reg | User Attribute | 32 x 29              | RAM32M16 x 3  | 
|SoC_i/ps8_0_axi_periph/\s00_couplers/auto_ds /inst/\gen_downsizer.gen_simple_downsizer.axi_downsizer_inst/USE_READ.read_addr_inst/cmd_queue/inst/fifo_gen_inst                    | inst_fifo_gen/gconvfifo.rf/grf.rf/gntv_or_sync_fifo.mem/gdm.dm_gen.dm/RAM_reg | User Attribute | 32 x 29              | RAM32M16 x 3  | 
|SoC_i/ps8_0_axi_periph/\s01_couplers/auto_ds /inst/\gen_downsizer.gen_simple_downsizer.axi_downsizer_inst/USE_WRITE.write_addr_inst/USE_B_CHANNEL.cmd_b_queue/inst/fifo_gen_inst  | inst_fifo_gen/gconvfifo.rf/grf.rf/gntv_or_sync_fifo.mem/gdm.dm_gen.dm/RAM_reg | User Attribute | 32 x 9               | RAM32M16 x 1  | 
|SoC_i/ps8_0_axi_periph/\s01_couplers/auto_ds /inst/\gen_downsizer.gen_simple_downsizer.axi_downsizer_inst/USE_WRITE.write_addr_inst/cmd_queue/inst/fifo_gen_inst                  | inst_fifo_gen/gconvfifo.rf/grf.rf/gntv_or_sync_fifo.mem/gdm.dm_gen.dm/RAM_reg | User Attribute | 32 x 29              | RAM32M16 x 3  | 
|SoC_i/ps8_0_axi_periph/\s01_couplers/auto_ds /inst/\gen_downsizer.gen_simple_downsizer.axi_downsizer_inst/USE_READ.read_addr_inst/cmd_queue/inst/fifo_gen_inst                    | inst_fifo_gen/gconvfifo.rf/grf.rf/gntv_or_sync_fifo.mem/gdm.dm_gen.dm/RAM_reg | User Attribute | 32 x 29              | RAM32M16 x 3  | 
+----------------------------------------------------------------------------------------------------------------------------------------------------------------------------------+-------------------------------------------------------------------------------+----------------+----------------------+---------------+

Note: The table above is a preliminary report that shows the Distributed RAMs at the current stage of the synthesis flow. Some Distributed RAMs may be reimplemented as non Distributed RAM primitives later in the synthesis flow. Multiple instantiated RAMs are reported only once.
---------------------------------------------------------------------------------
Finished ROM, RAM, DSP, Shift Register and Retiming Reporting
---------------------------------------------------------------------------------
---------------------------------------------------------------------------------
Start Applying XDC Timing Constraints
---------------------------------------------------------------------------------
---------------------------------------------------------------------------------
Finished Applying XDC Timing Constraints : Time (s): cpu = 00:02:18 ; elapsed = 00:02:26 . Memory (MB): peak = 4109.578 ; gain = 2035.781
---------------------------------------------------------------------------------
---------------------------------------------------------------------------------
Start Timing Optimization
---------------------------------------------------------------------------------
---------------------------------------------------------------------------------
Finished Timing Optimization : Time (s): cpu = 00:02:33 ; elapsed = 00:02:42 . Memory (MB): peak = 4272.094 ; gain = 2198.297
---------------------------------------------------------------------------------
---------------------------------------------------------------------------------
Start ROM, RAM, DSP, Shift Register and Retiming Reporting
---------------------------------------------------------------------------------

Block RAM: Final Mapping Report
+-------------------------+------------------------------------------------------------------------------------------------+------------------------+---+---+------------------------+---+---+------------------+--------+--------+-----------------+
|Module Name              | RTL Object                                                                                     | PORT A (Depth x Width) | W | R | PORT B (Depth x Width) | W | R | Ports driving FF | RAMB18 | RAMB36 | Cascade Heights | 
+-------------------------+------------------------------------------------------------------------------------------------+------------------------+---+---+------------------------+---+---+------------------+--------+--------+-----------------+
|SoC_i/Median_Filter_IP_0 | inst/Median_Filter_IP_v1_0_S00_AXI_inst/u1/u_Median_Filter_Input_Bank_Memories/u_Bank0/mem_reg | 4 K x 8(READ_FIRST)    | W |   | 4 K x 8(WRITE_FIRST)   |   | R | Port A and B     | 0      | 1      | 1               | 
|SoC_i/Median_Filter_IP_0 | inst/Median_Filter_IP_v1_0_S00_AXI_inst/u1/u_Median_Filter_Input_Bank_Memories/u_Bank1/mem_reg | 4 K x 8(READ_FIRST)    | W |   | 4 K x 8(WRITE_FIRST)   |   | R | Port A and B     | 0      | 1      | 1               | 
|SoC_i/Median_Filter_IP_0 | inst/Median_Filter_IP_v1_0_S00_AXI_inst/u1/u_Median_Filter_Input_Bank_Memories/u_Bank2/mem_reg | 4 K x 8(READ_FIRST)    | W |   | 4 K x 8(WRITE_FIRST)   |   | R | Port A and B     | 0      | 1      | 1               | 
|SoC_i/Median_Filter_IP_0 | inst/Median_Filter_IP_v1_0_S00_AXI_inst/u1/u_Median_Filter_Output_Memory/u_Output_BRAM/mem_reg | 4 K x 8(READ_FIRST)    | W |   | 4 K x 8(WRITE_FIRST)   |   | R | Port A and B     | 0      | 1      | 1               | 
+-------------------------+------------------------------------------------------------------------------------------------+------------------------+---+---+------------------------+---+---+------------------+--------+--------+-----------------+


Distributed RAM: Final Mapping Report
+----------------------------------------------------------------------------------------------------------------------------------------------------------------------------------+-------------------------------------------------------------------------------+----------------+----------------------+---------------+
|Module Name                                                                                                                                                                       | RTL Object                                                                    | Inference      | Size (Depth x Width) | Primitives    | 
+----------------------------------------------------------------------------------------------------------------------------------------------------------------------------------+-------------------------------------------------------------------------------+----------------+----------------------+---------------+
|SoC_i/ps8_0_axi_periph/\s00_couplers/auto_ds /inst/\gen_downsizer.gen_simple_downsizer.axi_downsizer_inst/USE_WRITE.write_addr_inst/USE_B_CHANNEL.cmd_b_queue/inst/fifo_gen_inst  | inst_fifo_gen/gconvfifo.rf/grf.rf/gntv_or_sync_fifo.mem/gdm.dm_gen.dm/RAM_reg | User Attribute | 32 x 9               | RAM32M16 x 1  | 
|SoC_i/ps8_0_axi_periph/\s00_couplers/auto_ds /inst/\gen_downsizer.gen_simple_downsizer.axi_downsizer_inst/USE_WRITE.write_addr_inst/cmd_queue/inst/fifo_gen_inst                  | inst_fifo_gen/gconvfifo.rf/grf.rf/gntv_or_sync_fifo.mem/gdm.dm_gen.dm/RAM_reg | User Attribute | 32 x 29              | RAM32M16 x 3  | 
|SoC_i/ps8_0_axi_periph/\s00_couplers/auto_ds /inst/\gen_downsizer.gen_simple_downsizer.axi_downsizer_inst/USE_READ.read_addr_inst/cmd_queue/inst/fifo_gen_inst                    | inst_fifo_gen/gconvfifo.rf/grf.rf/gntv_or_sync_fifo.mem/gdm.dm_gen.dm/RAM_reg | User Attribute | 32 x 29              | RAM32M16 x 3  | 
|SoC_i/ps8_0_axi_periph/\s01_couplers/auto_ds /inst/\gen_downsizer.gen_simple_downsizer.axi_downsizer_inst/USE_WRITE.write_addr_inst/USE_B_CHANNEL.cmd_b_queue/inst/fifo_gen_inst  | inst_fifo_gen/gconvfifo.rf/grf.rf/gntv_or_sync_fifo.mem/gdm.dm_gen.dm/RAM_reg | User Attribute | 32 x 9               | RAM32M16 x 1  | 
|SoC_i/ps8_0_axi_periph/\s01_couplers/auto_ds /inst/\gen_downsizer.gen_simple_downsizer.axi_downsizer_inst/USE_WRITE.write_addr_inst/cmd_queue/inst/fifo_gen_inst                  | inst_fifo_gen/gconvfifo.rf/grf.rf/gntv_or_sync_fifo.mem/gdm.dm_gen.dm/RAM_reg | User Attribute | 32 x 29              | RAM32M16 x 3  | 
|SoC_i/ps8_0_axi_periph/\s01_couplers/auto_ds /inst/\gen_downsizer.gen_simple_downsizer.axi_downsizer_inst/USE_READ.read_addr_inst/cmd_queue/inst/fifo_gen_inst                    | inst_fifo_gen/gconvfifo.rf/grf.rf/gntv_or_sync_fifo.mem/gdm.dm_gen.dm/RAM_reg | User Attribute | 32 x 29              | RAM32M16 x 3  | 
+----------------------------------------------------------------------------------------------------------------------------------------------------------------------------------+-------------------------------------------------------------------------------+----------------+----------------------+---------------+

---------------------------------------------------------------------------------
Finished ROM, RAM, DSP, Shift Register and Retiming Reporting
---------------------------------------------------------------------------------
---------------------------------------------------------------------------------
Start Technology Mapping
---------------------------------------------------------------------------------
INFO: [Synth 8-3332] Sequential element (inst/Median_Filter_IP_v1_0_S00_AXI_inst/u1/u_Median_Filter_Datapath/FSM_onehot_state_r_reg[8]) is unused and will be removed from module SoC_Median_Filter_IP_0_0.
INFO: [Synth 8-3332] Sequential element (inst/Median_Filter_IP_v1_0_S00_AXI_inst/u1/u_Median_Filter_Datapath/FSM_onehot_state_r_reg[7]) is unused and will be removed from module SoC_Median_Filter_IP_0_0.
INFO: [Synth 8-3332] Sequential element (inst/Median_Filter_IP_v1_0_S00_AXI_inst/u1/u_Median_Filter_Datapath/FSM_onehot_state_r_reg[6]) is unused and will be removed from module SoC_Median_Filter_IP_0_0.
INFO: [Synth 8-3332] Sequential element (inst/Median_Filter_IP_v1_0_S00_AXI_inst/u1/u_Median_Filter_Datapath/FSM_onehot_state_r_reg[5]) is unused and will be removed from module SoC_Median_Filter_IP_0_0.
INFO: [Synth 8-3332] Sequential element (inst/Median_Filter_IP_v1_0_S00_AXI_inst/u1/u_Median_Filter_FSM_CTRL/FSM_sequential_state_r_reg[2]) is unused and will be removed from module SoC_Median_Filter_IP_0_0.
INFO: [Synth 8-3332] Sequential element (inst/Median_Filter_IP_v1_0_S00_AXI_inst/u1/u_Median_Filter_FSM_CTRL/FSM_sequential_state_r_reg[1]) is unused and will be removed from module SoC_Median_Filter_IP_0_0.
INFO: [Synth 8-3332] Sequential element (inst/Median_Filter_IP_v1_0_S00_AXI_inst/u1/u_Median_Filter_FSM_CTRL/FSM_sequential_state_r_reg[0]) is unused and will be removed from module SoC_Median_Filter_IP_0_0.
INFO: [Synth 8-7052] The timing for the instance SoC_i/Median_Filter_IP_0/inst/Median_Filter_IP_v1_0_S00_AXI_inst/u1/u_Median_Filter_Input_Bank_Memories/u_Bank0/mem_reg_bram_0 (implemented as a Block RAM) might be sub-optimal as no optional output register could be merged into the ram block. Providing additional output register may help in improving timing.
INFO: [Synth 8-7052] The timing for the instance SoC_i/Median_Filter_IP_0/inst/Median_Filter_IP_v1_0_S00_AXI_inst/u1/u_Median_Filter_Input_Bank_Memories/u_Bank1/mem_reg_bram_0 (implemented as a Block RAM) might be sub-optimal as no optional output register could be merged into the ram block. Providing additional output register may help in improving timing.
INFO: [Synth 8-7052] The timing for the instance SoC_i/Median_Filter_IP_0/inst/Median_Filter_IP_v1_0_S00_AXI_inst/u1/u_Median_Filter_Input_Bank_Memories/u_Bank2/mem_reg_bram_0 (implemented as a Block RAM) might be sub-optimal as no optional output register could be merged into the ram block. Providing additional output register may help in improving timing.
INFO: [Synth 8-7052] The timing for the instance SoC_i/Median_Filter_IP_0/inst/Median_Filter_IP_v1_0_S00_AXI_inst/u1/u_Median_Filter_Output_Memory/u_Output_BRAM/mem_reg_bram_0 (implemented as a Block RAM) might be sub-optimal as no optional output register could be merged into the ram block. Providing additional output register may help in improving timing.
---------------------------------------------------------------------------------
Finished Technology Mapping : Time (s): cpu = 00:02:38 ; elapsed = 00:02:47 . Memory (MB): peak = 4285.664 ; gain = 2211.867
---------------------------------------------------------------------------------
---------------------------------------------------------------------------------
Start IO Insertion
---------------------------------------------------------------------------------
---------------------------------------------------------------------------------
Start Flattening Before IO Insertion
---------------------------------------------------------------------------------
---------------------------------------------------------------------------------
Finished Flattening Before IO Insertion
---------------------------------------------------------------------------------
---------------------------------------------------------------------------------
Start Final Netlist Cleanup
---------------------------------------------------------------------------------
---------------------------------------------------------------------------------
Finished Final Netlist Cleanup
---------------------------------------------------------------------------------
WARNING: [Synth 8-3295] tying undriven pin trace_ctl_pipe[0]_inferred:in0 to constant 0
WARNING: [Synth 8-3295] tying undriven pin trace_data_pipe[0]_inferred:in0[31] to constant 0
WARNING: [Synth 8-3295] tying undriven pin trace_data_pipe[0]_inferred:in0[30] to constant 0
WARNING: [Synth 8-3295] tying undriven pin trace_data_pipe[0]_inferred:in0[29] to constant 0
WARNING: [Synth 8-3295] tying undriven pin trace_data_pipe[0]_inferred:in0[28] to constant 0
WARNING: [Synth 8-3295] tying undriven pin trace_data_pipe[0]_inferred:in0[27] to constant 0
WARNING: [Synth 8-3295] tying undriven pin trace_data_pipe[0]_inferred:in0[26] to constant 0
WARNING: [Synth 8-3295] tying undriven pin trace_data_pipe[0]_inferred:in0[25] to constant 0
WARNING: [Synth 8-3295] tying undriven pin trace_data_pipe[0]_inferred:in0[24] to constant 0
WARNING: [Synth 8-3295] tying undriven pin trace_data_pipe[0]_inferred:in0[23] to constant 0
WARNING: [Synth 8-3295] tying undriven pin trace_data_pipe[0]_inferred:in0[22] to constant 0
WARNING: [Synth 8-3295] tying undriven pin trace_data_pipe[0]_inferred:in0[21] to constant 0
WARNING: [Synth 8-3295] tying undriven pin trace_data_pipe[0]_inferred:in0[20] to constant 0
WARNING: [Synth 8-3295] tying undriven pin trace_data_pipe[0]_inferred:in0[19] to constant 0
WARNING: [Synth 8-3295] tying undriven pin trace_data_pipe[0]_inferred:in0[18] to constant 0
WARNING: [Synth 8-3295] tying undriven pin trace_data_pipe[0]_inferred:in0[17] to constant 0
WARNING: [Synth 8-3295] tying undriven pin trace_data_pipe[0]_inferred:in0[16] to constant 0
WARNING: [Synth 8-3295] tying undriven pin trace_data_pipe[0]_inferred:in0[15] to constant 0
WARNING: [Synth 8-3295] tying undriven pin trace_data_pipe[0]_inferred:in0[14] to constant 0
WARNING: [Synth 8-3295] tying undriven pin trace_data_pipe[0]_inferred:in0[13] to constant 0
WARNING: [Synth 8-3295] tying undriven pin trace_data_pipe[0]_inferred:in0[12] to constant 0
WARNING: [Synth 8-3295] tying undriven pin trace_data_pipe[0]_inferred:in0[11] to constant 0
WARNING: [Synth 8-3295] tying undriven pin trace_data_pipe[0]_inferred:in0[10] to constant 0
WARNING: [Synth 8-3295] tying undriven pin trace_data_pipe[0]_inferred:in0[9] to constant 0
WARNING: [Synth 8-3295] tying undriven pin trace_data_pipe[0]_inferred:in0[8] to constant 0
WARNING: [Synth 8-3295] tying undriven pin trace_data_pipe[0]_inferred:in0[7] to constant 0
WARNING: [Synth 8-3295] tying undriven pin trace_data_pipe[0]_inferred:in0[6] to constant 0
WARNING: [Synth 8-3295] tying undriven pin trace_data_pipe[0]_inferred:in0[5] to constant 0
WARNING: [Synth 8-3295] tying undriven pin trace_data_pipe[0]_inferred:in0[4] to constant 0
WARNING: [Synth 8-3295] tying undriven pin trace_data_pipe[0]_inferred:in0[3] to constant 0
WARNING: [Synth 8-3295] tying undriven pin trace_data_pipe[0]_inferred:in0[2] to constant 0
WARNING: [Synth 8-3295] tying undriven pin trace_data_pipe[0]_inferred:in0[1] to constant 0
WARNING: [Synth 8-3295] tying undriven pin trace_data_pipe[0]_inferred:in0[0] to constant 0
WARNING: [Synth 8-3295] tying undriven pin trace_ctl_pipe[7]_inferred:in0 to constant 0
WARNING: [Synth 8-3295] tying undriven pin trace_ctl_pipe[6]_inferred:in0 to constant 0
WARNING: [Synth 8-3295] tying undriven pin trace_ctl_pipe[5]_inferred:in0 to constant 0
WARNING: [Synth 8-3295] tying undriven pin trace_ctl_pipe[4]_inferred:in0 to constant 0
WARNING: [Synth 8-3295] tying undriven pin trace_ctl_pipe[3]_inferred:in0 to constant 0
WARNING: [Synth 8-3295] tying undriven pin trace_ctl_pipe[2]_inferred:in0 to constant 0
WARNING: [Synth 8-3295] tying undriven pin trace_ctl_pipe[1]_inferred:in0 to constant 0
WARNING: [Synth 8-3295] tying undriven pin trace_data_pipe[7]_inferred:in0[31] to constant 0
WARNING: [Synth 8-3295] tying undriven pin trace_data_pipe[7]_inferred:in0[30] to constant 0
WARNING: [Synth 8-3295] tying undriven pin trace_data_pipe[7]_inferred:in0[29] to constant 0
WARNING: [Synth 8-3295] tying undriven pin trace_data_pipe[7]_inferred:in0[28] to constant 0
WARNING: [Synth 8-3295] tying undriven pin trace_data_pipe[7]_inferred:in0[27] to constant 0
WARNING: [Synth 8-3295] tying undriven pin trace_data_pipe[7]_inferred:in0[26] to constant 0
WARNING: [Synth 8-3295] tying undriven pin trace_data_pipe[7]_inferred:in0[25] to constant 0
WARNING: [Synth 8-3295] tying undriven pin trace_data_pipe[7]_inferred:in0[24] to constant 0
WARNING: [Synth 8-3295] tying undriven pin trace_data_pipe[7]_inferred:in0[23] to constant 0
WARNING: [Synth 8-3295] tying undriven pin trace_data_pipe[7]_inferred:in0[22] to constant 0
WARNING: [Synth 8-3295] tying undriven pin trace_data_pipe[7]_inferred:in0[21] to constant 0
WARNING: [Synth 8-3295] tying undriven pin trace_data_pipe[7]_inferred:in0[20] to constant 0
WARNING: [Synth 8-3295] tying undriven pin trace_data_pipe[7]_inferred:in0[19] to constant 0
WARNING: [Synth 8-3295] tying undriven pin trace_data_pipe[7]_inferred:in0[18] to constant 0
WARNING: [Synth 8-3295] tying undriven pin trace_data_pipe[7]_inferred:in0[17] to constant 0
WARNING: [Synth 8-3295] tying undriven pin trace_data_pipe[7]_inferred:in0[16] to constant 0
WARNING: [Synth 8-3295] tying undriven pin trace_data_pipe[7]_inferred:in0[15] to constant 0
WARNING: [Synth 8-3295] tying undriven pin trace_data_pipe[7]_inferred:in0[14] to constant 0
WARNING: [Synth 8-3295] tying undriven pin trace_data_pipe[7]_inferred:in0[13] to constant 0
WARNING: [Synth 8-3295] tying undriven pin trace_data_pipe[7]_inferred:in0[12] to constant 0
WARNING: [Synth 8-3295] tying undriven pin trace_data_pipe[7]_inferred:in0[11] to constant 0
WARNING: [Synth 8-3295] tying undriven pin trace_data_pipe[7]_inferred:in0[10] to constant 0
WARNING: [Synth 8-3295] tying undriven pin trace_data_pipe[7]_inferred:in0[9] to constant 0
WARNING: [Synth 8-3295] tying undriven pin trace_data_pipe[7]_inferred:in0[8] to constant 0
WARNING: [Synth 8-3295] tying undriven pin trace_data_pipe[7]_inferred:in0[7] to constant 0
WARNING: [Synth 8-3295] tying undriven pin trace_data_pipe[7]_inferred:in0[6] to constant 0
WARNING: [Synth 8-3295] tying undriven pin trace_data_pipe[7]_inferred:in0[5] to constant 0
WARNING: [Synth 8-3295] tying undriven pin trace_data_pipe[7]_inferred:in0[4] to constant 0
WARNING: [Synth 8-3295] tying undriven pin trace_data_pipe[7]_inferred:in0[3] to constant 0
WARNING: [Synth 8-3295] tying undriven pin trace_data_pipe[7]_inferred:in0[2] to constant 0
WARNING: [Synth 8-3295] tying undriven pin trace_data_pipe[7]_inferred:in0[1] to constant 0
WARNING: [Synth 8-3295] tying undriven pin trace_data_pipe[7]_inferred:in0[0] to constant 0
WARNING: [Synth 8-3295] tying undriven pin trace_data_pipe[6]_inferred:in0[31] to constant 0
WARNING: [Synth 8-3295] tying undriven pin trace_data_pipe[6]_inferred:in0[30] to constant 0
WARNING: [Synth 8-3295] tying undriven pin trace_data_pipe[6]_inferred:in0[29] to constant 0
WARNING: [Synth 8-3295] tying undriven pin trace_data_pipe[6]_inferred:in0[28] to constant 0
WARNING: [Synth 8-3295] tying undriven pin trace_data_pipe[6]_inferred:in0[27] to constant 0
WARNING: [Synth 8-3295] tying undriven pin trace_data_pipe[6]_inferred:in0[26] to constant 0
WARNING: [Synth 8-3295] tying undriven pin trace_data_pipe[6]_inferred:in0[25] to constant 0
WARNING: [Synth 8-3295] tying undriven pin trace_data_pipe[6]_inferred:in0[24] to constant 0
WARNING: [Synth 8-3295] tying undriven pin trace_data_pipe[6]_inferred:in0[23] to constant 0
WARNING: [Synth 8-3295] tying undriven pin trace_data_pipe[6]_inferred:in0[22] to constant 0
WARNING: [Synth 8-3295] tying undriven pin trace_data_pipe[6]_inferred:in0[21] to constant 0
WARNING: [Synth 8-3295] tying undriven pin trace_data_pipe[6]_inferred:in0[20] to constant 0
WARNING: [Synth 8-3295] tying undriven pin trace_data_pipe[6]_inferred:in0[19] to constant 0
WARNING: [Synth 8-3295] tying undriven pin trace_data_pipe[6]_inferred:in0[18] to constant 0
WARNING: [Synth 8-3295] tying undriven pin trace_data_pipe[6]_inferred:in0[17] to constant 0
WARNING: [Synth 8-3295] tying undriven pin trace_data_pipe[6]_inferred:in0[16] to constant 0
WARNING: [Synth 8-3295] tying undriven pin trace_data_pipe[6]_inferred:in0[15] to constant 0
WARNING: [Synth 8-3295] tying undriven pin trace_data_pipe[6]_inferred:in0[14] to constant 0
WARNING: [Synth 8-3295] tying undriven pin trace_data_pipe[6]_inferred:in0[13] to constant 0
WARNING: [Synth 8-3295] tying undriven pin trace_data_pipe[6]_inferred:in0[12] to constant 0
WARNING: [Synth 8-3295] tying undriven pin trace_data_pipe[6]_inferred:in0[11] to constant 0
WARNING: [Synth 8-3295] tying undriven pin trace_data_pipe[6]_inferred:in0[10] to constant 0
WARNING: [Synth 8-3295] tying undriven pin trace_data_pipe[6]_inferred:in0[9] to constant 0
WARNING: [Synth 8-3295] tying undriven pin trace_data_pipe[6]_inferred:in0[8] to constant 0
WARNING: [Synth 8-3295] tying undriven pin trace_data_pipe[6]_inferred:in0[7] to constant 0
WARNING: [Synth 8-3295] tying undriven pin trace_data_pipe[6]_inferred:in0[6] to constant 0
WARNING: [Synth 8-3295] tying undriven pin trace_data_pipe[6]_inferred:in0[5] to constant 0
WARNING: [Synth 8-3295] tying undriven pin trace_data_pipe[6]_inferred:in0[4] to constant 0
INFO: [Common 17-14] Message 'Synth 8-3295' appears 100 times and further instances of the messages will be disabled. Use the Tcl command set_msg_config to change the current settings.
WARNING: [Synth 8-5396] Clock pin C has keep related attribute (keep/mark_debug/dont_touch) which could create extra logic on its net [c:/SOC_basic/day6_7_8/SoC/SoC.gen/sources_1/bd/SoC/ipshared/4675/hdl/axi_dwidth_converter_v2_1_vlsyn_rfs.v:1812]
WARNING: [Synth 8-5396] Clock pin C has keep related attribute (keep/mark_debug/dont_touch) which could create extra logic on its net [c:/SOC_basic/day6_7_8/SoC/SoC.gen/sources_1/bd/SoC/ipshared/4675/hdl/axi_dwidth_converter_v2_1_vlsyn_rfs.v:1812]
WARNING: [Synth 8-5396] Clock pin C has keep related attribute (keep/mark_debug/dont_touch) which could create extra logic on its net [c:/SOC_basic/day6_7_8/SoC/SoC.gen/sources_1/bd/SoC/ipshared/4675/hdl/axi_dwidth_converter_v2_1_vlsyn_rfs.v:1812]
WARNING: [Synth 8-5396] Clock pin C has keep related attribute (keep/mark_debug/dont_touch) which could create extra logic on its net [c:/SOC_basic/day6_7_8/SoC/SoC.gen/sources_1/bd/SoC/ipshared/4675/hdl/axi_dwidth_converter_v2_1_vlsyn_rfs.v:1812]
WARNING: [Synth 8-5396] Clock pin C has keep related attribute (keep/mark_debug/dont_touch) which could create extra logic on its net [c:/SOC_basic/day6_7_8/SoC/SoC.gen/sources_1/bd/SoC/ipshared/4675/hdl/axi_dwidth_converter_v2_1_vlsyn_rfs.v:1812]
WARNING: [Synth 8-5396] Clock pin C has keep related attribute (keep/mark_debug/dont_touch) which could create extra logic on its net [c:/SOC_basic/day6_7_8/SoC/SoC.gen/sources_1/bd/SoC/ipshared/4675/hdl/axi_dwidth_converter_v2_1_vlsyn_rfs.v:1812]
WARNING: [Synth 8-5396] Clock pin C has keep related attribute (keep/mark_debug/dont_touch) which could create extra logic on its net [c:/SOC_basic/day6_7_8/SoC/SoC.gen/sources_1/bd/SoC/ipshared/4675/hdl/axi_dwidth_converter_v2_1_vlsyn_rfs.v:1812]
WARNING: [Synth 8-5396] Clock pin C has keep related attribute (keep/mark_debug/dont_touch) which could create extra logic on its net [c:/SOC_basic/day6_7_8/SoC/SoC.gen/sources_1/bd/SoC/ipshared/4675/hdl/axi_dwidth_converter_v2_1_vlsyn_rfs.v:1812]
WARNING: [Synth 8-5396] Clock pin C has keep related attribute (keep/mark_debug/dont_touch) which could create extra logic on its net [c:/SOC_basic/day6_7_8/SoC/SoC.gen/sources_1/bd/SoC/ipshared/4675/hdl/axi_dwidth_converter_v2_1_vlsyn_rfs.v:684]
WARNING: [Synth 8-5396] Clock pin C has keep related attribute (keep/mark_debug/dont_touch) which could create extra logic on its net [c:/SOC_basic/day6_7_8/SoC/SoC.gen/sources_1/bd/SoC/ipshared/4675/hdl/axi_dwidth_converter_v2_1_vlsyn_rfs.v:684]
WARNING: [Synth 8-5396] Clock pin C has keep related attribute (keep/mark_debug/dont_touch) which could create extra logic on its net [c:/SOC_basic/day6_7_8/SoC/SoC.gen/sources_1/bd/SoC/ipshared/4675/hdl/axi_dwidth_converter_v2_1_vlsyn_rfs.v:684]
WARNING: [Synth 8-5396] Clock pin C has keep related attribute (keep/mark_debug/dont_touch) which could create extra logic on its net [c:/SOC_basic/day6_7_8/SoC/SoC.gen/sources_1/bd/SoC/ipshared/4675/hdl/axi_dwidth_converter_v2_1_vlsyn_rfs.v:684]
WARNING: [Synth 8-5396] Clock pin C has keep related attribute (keep/mark_debug/dont_touch) which could create extra logic on its net [c:/SOC_basic/day6_7_8/SoC/SoC.gen/sources_1/bd/SoC/ipshared/4675/hdl/axi_dwidth_converter_v2_1_vlsyn_rfs.v:684]
WARNING: [Synth 8-5396] Clock pin C has keep related attribute (keep/mark_debug/dont_touch) which could create extra logic on its net [c:/SOC_basic/day6_7_8/SoC/SoC.gen/sources_1/bd/SoC/ipshared/4675/hdl/axi_dwidth_converter_v2_1_vlsyn_rfs.v:684]
WARNING: [Synth 8-5396] Clock pin C has keep related attribute (keep/mark_debug/dont_touch) which could create extra logic on its net [c:/SOC_basic/day6_7_8/SoC/SoC.gen/sources_1/bd/SoC/ipshared/4675/hdl/axi_dwidth_converter_v2_1_vlsyn_rfs.v:684]
WARNING: [Synth 8-5396] Clock pin C has keep related attribute (keep/mark_debug/dont_touch) which could create extra logic on its net [c:/SOC_basic/day6_7_8/SoC/SoC.gen/sources_1/bd/SoC/ipshared/4675/hdl/axi_dwidth_converter_v2_1_vlsyn_rfs.v:684]
WARNING: [Synth 8-5396] Clock pin C has keep related attribute (keep/mark_debug/dont_touch) which could create extra logic on its net [c:/SOC_basic/day6_7_8/SoC/SoC.gen/sources_1/bd/SoC/ipshared/4675/hdl/axi_dwidth_converter_v2_1_vlsyn_rfs.v:1133]
WARNING: [Synth 8-5396] Clock pin C has keep related attribute (keep/mark_debug/dont_touch) which could create extra logic on its net [c:/SOC_basic/day6_7_8/SoC/SoC.gen/sources_1/bd/SoC/ipshared/4675/hdl/axi_dwidth_converter_v2_1_vlsyn_rfs.v:1133]
WARNING: [Synth 8-5396] Clock pin C has keep related attribute (keep/mark_debug/dont_touch) which could create extra logic on its net [c:/SOC_basic/day6_7_8/SoC/SoC.gen/sources_1/bd/SoC/ipshared/4675/hdl/axi_dwidth_converter_v2_1_vlsyn_rfs.v:1133]
WARNING: [Synth 8-5396] Clock pin C has keep related attribute (keep/mark_debug/dont_touch) which could create extra logic on its net [c:/SOC_basic/day6_7_8/SoC/SoC.gen/sources_1/bd/SoC/ipshared/4675/hdl/axi_dwidth_converter_v2_1_vlsyn_rfs.v:1133]
WARNING: [Synth 8-5396] Clock pin C has keep related attribute (keep/mark_debug/dont_touch) which could create extra logic on its net [c:/SOC_basic/day6_7_8/SoC/SoC.gen/sources_1/bd/SoC/ipshared/4675/hdl/axi_dwidth_converter_v2_1_vlsyn_rfs.v:1133]
WARNING: [Synth 8-5396] Clock pin C has keep related attribute (keep/mark_debug/dont_touch) which could create extra logic on its net [c:/SOC_basic/day6_7_8/SoC/SoC.gen/sources_1/bd/SoC/ipshared/4675/hdl/axi_dwidth_converter_v2_1_vlsyn_rfs.v:1133]
WARNING: [Synth 8-5396] Clock pin C has keep related attribute (keep/mark_debug/dont_touch) which could create extra logic on its net [c:/SOC_basic/day6_7_8/SoC/SoC.gen/sources_1/bd/SoC/ipshared/4675/hdl/axi_dwidth_converter_v2_1_vlsyn_rfs.v:1443]
WARNING: [Synth 8-5396] Clock pin C has keep related attribute (keep/mark_debug/dont_touch) which could create extra logic on its net [c:/SOC_basic/day6_7_8/SoC/SoC.gen/sources_1/bd/SoC/ipshared/4675/hdl/axi_dwidth_converter_v2_1_vlsyn_rfs.v:1443]
WARNING: [Synth 8-5396] Clock pin C has keep related attribute (keep/mark_debug/dont_touch) which could create extra logic on its net [c:/SOC_basic/day6_7_8/SoC/SoC.gen/sources_1/bd/SoC/ipshared/4675/hdl/axi_dwidth_converter_v2_1_vlsyn_rfs.v:1443]
WARNING: [Synth 8-5396] Clock pin C has keep related attribute (keep/mark_debug/dont_touch) which could create extra logic on its net [c:/SOC_basic/day6_7_8/SoC/SoC.gen/sources_1/bd/SoC/ipshared/4675/hdl/axi_dwidth_converter_v2_1_vlsyn_rfs.v:1443]
WARNING: [Synth 8-5396] Clock pin C has keep related attribute (keep/mark_debug/dont_touch) which could create extra logic on its net [c:/SOC_basic/day6_7_8/SoC/SoC.gen/sources_1/bd/SoC/ipshared/4675/hdl/axi_dwidth_converter_v2_1_vlsyn_rfs.v:1443]
WARNING: [Synth 8-5396] Clock pin C has keep related attribute (keep/mark_debug/dont_touch) which could create extra logic on its net [c:/SOC_basic/day6_7_8/SoC/SoC.gen/sources_1/bd/SoC/ipshared/4675/hdl/axi_dwidth_converter_v2_1_vlsyn_rfs.v:1443]
WARNING: [Synth 8-5396] Clock pin C has keep related attribute (keep/mark_debug/dont_touch) which could create extra logic on its net [c:/SOC_basic/day6_7_8/SoC/SoC.gen/sources_1/bd/SoC/ipshared/4675/hdl/axi_dwidth_converter_v2_1_vlsyn_rfs.v:1443]
WARNING: [Synth 8-5396] Clock pin C has keep related attribute (keep/mark_debug/dont_touch) which could create extra logic on its net [c:/SOC_basic/day6_7_8/SoC/SoC.gen/sources_1/bd/SoC/ipshared/4675/hdl/axi_dwidth_converter_v2_1_vlsyn_rfs.v:1443]
WARNING: [Synth 8-5396] Clock pin C has keep related attribute (keep/mark_debug/dont_touch) which could create extra logic on its net [c:/SOC_basic/day6_7_8/SoC/SoC.gen/sources_1/bd/SoC/ipshared/4675/hdl/axi_dwidth_converter_v2_1_vlsyn_rfs.v:684]
WARNING: [Synth 8-5396] Clock pin C has keep related attribute (keep/mark_debug/dont_touch) which could create extra logic on its net [c:/SOC_basic/day6_7_8/SoC/SoC.gen/sources_1/bd/SoC/ipshared/4675/hdl/axi_dwidth_converter_v2_1_vlsyn_rfs.v:684]
WARNING: [Synth 8-5396] Clock pin C has keep related attribute (keep/mark_debug/dont_touch) which could create extra logic on its net [c:/SOC_basic/day6_7_8/SoC/SoC.gen/sources_1/bd/SoC/ipshared/4675/hdl/axi_dwidth_converter_v2_1_vlsyn_rfs.v:684]
WARNING: [Synth 8-5396] Clock pin C has keep related attribute (keep/mark_debug/dont_touch) which could create extra logic on its net [c:/SOC_basic/day6_7_8/SoC/SoC.gen/sources_1/bd/SoC/ipshared/4675/hdl/axi_dwidth_converter_v2_1_vlsyn_rfs.v:684]
WARNING: [Synth 8-5396] Clock pin C has keep related attribute (keep/mark_debug/dont_touch) which could create extra logic on its net [c:/SOC_basic/day6_7_8/SoC/SoC.gen/sources_1/bd/SoC/ipshared/4675/hdl/axi_dwidth_converter_v2_1_vlsyn_rfs.v:684]
WARNING: [Synth 8-5396] Clock pin C has keep related attribute (keep/mark_debug/dont_touch) which could create extra logic on its net [c:/SOC_basic/day6_7_8/SoC/SoC.gen/sources_1/bd/SoC/ipshared/4675/hdl/axi_dwidth_converter_v2_1_vlsyn_rfs.v:684]
WARNING: [Synth 8-5396] Clock pin C has keep related attribute (keep/mark_debug/dont_touch) which could create extra logic on its net [c:/SOC_basic/day6_7_8/SoC/SoC.gen/sources_1/bd/SoC/ipshared/4675/hdl/axi_dwidth_converter_v2_1_vlsyn_rfs.v:684]
WARNING: [Synth 8-5396] Clock pin C has keep related attribute (keep/mark_debug/dont_touch) which could create extra logic on its net [c:/SOC_basic/day6_7_8/SoC/SoC.gen/sources_1/bd/SoC/ipshared/4675/hdl/axi_dwidth_converter_v2_1_vlsyn_rfs.v:684]
WARNING: [Synth 8-5396] Clock pin C has keep related attribute (keep/mark_debug/dont_touch) which could create extra logic on its net [c:/SOC_basic/day6_7_8/SoC/SoC.gen/sources_1/bd/SoC/ipshared/4675/hdl/axi_dwidth_converter_v2_1_vlsyn_rfs.v:2257]
WARNING: [Synth 8-5396] Clock pin C has keep related attribute (keep/mark_debug/dont_touch) which could create extra logic on its net [c:/SOC_basic/day6_7_8/SoC/SoC.gen/sources_1/bd/SoC/ipshared/4675/hdl/axi_dwidth_converter_v2_1_vlsyn_rfs.v:2257]
WARNING: [Synth 8-5396] Clock pin C has keep related attribute (keep/mark_debug/dont_touch) which could create extra logic on its net [c:/SOC_basic/day6_7_8/SoC/SoC.gen/sources_1/bd/SoC/ipshared/4675/hdl/axi_dwidth_converter_v2_1_vlsyn_rfs.v:2257]
WARNING: [Synth 8-5396] Clock pin C has keep related attribute (keep/mark_debug/dont_touch) which could create extra logic on its net [c:/SOC_basic/day6_7_8/SoC/SoC.gen/sources_1/bd/SoC/ipshared/4675/hdl/axi_dwidth_converter_v2_1_vlsyn_rfs.v:2257]
WARNING: [Synth 8-5396] Clock pin C has keep related attribute (keep/mark_debug/dont_touch) which could create extra logic on its net [c:/SOC_basic/day6_7_8/SoC/SoC.gen/sources_1/bd/SoC/ipshared/4675/hdl/axi_dwidth_converter_v2_1_vlsyn_rfs.v:2257]
WARNING: [Synth 8-5396] Clock pin C has keep related attribute (keep/mark_debug/dont_touch) which could create extra logic on its net [c:/SOC_basic/day6_7_8/SoC/SoC.gen/sources_1/bd/SoC/ipshared/4675/hdl/axi_dwidth_converter_v2_1_vlsyn_rfs.v:2257]
WARNING: [Synth 8-5396] Clock pin C has keep related attribute (keep/mark_debug/dont_touch) which could create extra logic on its net [c:/SOC_basic/day6_7_8/SoC/SoC.gen/sources_1/bd/SoC/ipshared/4675/hdl/axi_dwidth_converter_v2_1_vlsyn_rfs.v:2257]
WARNING: [Synth 8-5396] Clock pin C has keep related attribute (keep/mark_debug/dont_touch) which could create extra logic on its net [c:/SOC_basic/day6_7_8/SoC/SoC.gen/sources_1/bd/SoC/ipshared/4675/hdl/axi_dwidth_converter_v2_1_vlsyn_rfs.v:2257]
WARNING: [Synth 8-5396] Clock pin C has keep related attribute (keep/mark_debug/dont_touch) which could create extra logic on its net [c:/SOC_basic/day6_7_8/SoC/SoC.gen/sources_1/bd/SoC/ipshared/4675/hdl/axi_dwidth_converter_v2_1_vlsyn_rfs.v:1054]
WARNING: [Synth 8-5396] Clock pin C has keep related attribute (keep/mark_debug/dont_touch) which could create extra logic on its net [c:/SOC_basic/day6_7_8/SoC/SoC.gen/sources_1/bd/SoC/ipshared/4675/hdl/axi_dwidth_converter_v2_1_vlsyn_rfs.v:1054]
WARNING: [Synth 8-5396] Clock pin C has keep related attribute (keep/mark_debug/dont_touch) which could create extra logic on its net [c:/SOC_basic/day6_7_8/SoC/SoC.gen/sources_1/bd/SoC/ipshared/4675/hdl/axi_dwidth_converter_v2_1_vlsyn_rfs.v:1054]
WARNING: [Synth 8-5396] Clock pin C has keep related attribute (keep/mark_debug/dont_touch) which could create extra logic on its net [c:/SOC_basic/day6_7_8/SoC/SoC.gen/sources_1/bd/SoC/ipshared/4675/hdl/axi_dwidth_converter_v2_1_vlsyn_rfs.v:1054]
WARNING: [Synth 8-5396] Clock pin C has keep related attribute (keep/mark_debug/dont_touch) which could create extra logic on its net [c:/SOC_basic/day6_7_8/SoC/SoC.gen/sources_1/bd/SoC/ipshared/4675/hdl/axi_dwidth_converter_v2_1_vlsyn_rfs.v:1054]
WARNING: [Synth 8-5396] Clock pin C has keep related attribute (keep/mark_debug/dont_touch) which could create extra logic on its net [c:/SOC_basic/day6_7_8/SoC/SoC.gen/sources_1/bd/SoC/ipshared/4675/hdl/axi_dwidth_converter_v2_1_vlsyn_rfs.v:1054]
WARNING: [Synth 8-5396] Clock pin C has keep related attribute (keep/mark_debug/dont_touch) which could create extra logic on its net [c:/SOC_basic/day6_7_8/SoC/SoC.gen/sources_1/bd/SoC/ipshared/4675/hdl/axi_dwidth_converter_v2_1_vlsyn_rfs.v:1894]
WARNING: [Synth 8-5396] Clock pin C has keep related attribute (keep/mark_debug/dont_touch) which could create extra logic on its net [c:/SOC_basic/day6_7_8/SoC/SoC.gen/sources_1/bd/SoC/ipshared/4675/hdl/axi_dwidth_converter_v2_1_vlsyn_rfs.v:1894]
WARNING: [Synth 8-5396] Clock pin C has keep related attribute (keep/mark_debug/dont_touch) which could create extra logic on its net [c:/SOC_basic/day6_7_8/SoC/SoC.gen/sources_1/bd/SoC/ipshared/4675/hdl/axi_dwidth_converter_v2_1_vlsyn_rfs.v:1914]
WARNING: [Synth 8-5396] Clock pin C has keep related attribute (keep/mark_debug/dont_touch) which could create extra logic on its net [c:/SOC_basic/day6_7_8/SoC/SoC.gen/sources_1/bd/SoC/ipshared/4675/hdl/axi_dwidth_converter_v2_1_vlsyn_rfs.v:1914]
WARNING: [Synth 8-5396] Clock pin C has keep related attribute (keep/mark_debug/dont_touch) which could create extra logic on its net [c:/SOC_basic/day6_7_8/SoC/SoC.gen/sources_1/bd/SoC/ipshared/4675/hdl/axi_dwidth_converter_v2_1_vlsyn_rfs.v:1914]
WARNING: [Synth 8-5396] Clock pin C has keep related attribute (keep/mark_debug/dont_touch) which could create extra logic on its net [c:/SOC_basic/day6_7_8/SoC/SoC.gen/sources_1/bd/SoC/ipshared/4675/hdl/axi_dwidth_converter_v2_1_vlsyn_rfs.v:1914]
WARNING: [Synth 8-5396] Clock pin C has keep related attribute (keep/mark_debug/dont_touch) which could create extra logic on its net [c:/SOC_basic/day6_7_8/SoC/SoC.gen/sources_1/bd/SoC/ipshared/4675/hdl/axi_dwidth_converter_v2_1_vlsyn_rfs.v:1914]
WARNING: [Synth 8-5396] Clock pin C has keep related attribute (keep/mark_debug/dont_touch) which could create extra logic on its net [c:/SOC_basic/day6_7_8/SoC/SoC.gen/sources_1/bd/SoC/ipshared/4675/hdl/axi_dwidth_converter_v2_1_vlsyn_rfs.v:1914]
WARNING: [Synth 8-5396] Clock pin C has keep related attribute (keep/mark_debug/dont_touch) which could create extra logic on its net [c:/SOC_basic/day6_7_8/SoC/SoC.gen/sources_1/bd/SoC/ipshared/4675/hdl/axi_dwidth_converter_v2_1_vlsyn_rfs.v:1914]
WARNING: [Synth 8-5396] Clock pin C has keep related attribute (keep/mark_debug/dont_touch) which could create extra logic on its net [c:/SOC_basic/day6_7_8/SoC/SoC.gen/sources_1/bd/SoC/ipshared/4675/hdl/axi_dwidth_converter_v2_1_vlsyn_rfs.v:1914]
WARNING: [Synth 8-5396] Clock pin C has keep related attribute (keep/mark_debug/dont_touch) which could create extra logic on its net [c:/SOC_basic/day6_7_8/SoC/SoC.gen/sources_1/bd/SoC/ipshared/4675/hdl/axi_dwidth_converter_v2_1_vlsyn_rfs.v:1914]
WARNING: [Synth 8-5396] Clock pin C has keep related attribute (keep/mark_debug/dont_touch) which could create extra logic on its net [c:/SOC_basic/day6_7_8/SoC/SoC.gen/sources_1/bd/SoC/ipshared/4675/hdl/axi_dwidth_converter_v2_1_vlsyn_rfs.v:1914]
WARNING: [Synth 8-5396] Clock pin C has keep related attribute (keep/mark_debug/dont_touch) which could create extra logic on its net [c:/SOC_basic/day6_7_8/SoC/SoC.gen/sources_1/bd/SoC/ipshared/4675/hdl/axi_dwidth_converter_v2_1_vlsyn_rfs.v:1914]
WARNING: [Synth 8-5396] Clock pin C has keep related attribute (keep/mark_debug/dont_touch) which could create extra logic on its net [c:/SOC_basic/day6_7_8/SoC/SoC.gen/sources_1/bd/SoC/ipshared/4675/hdl/axi_dwidth_converter_v2_1_vlsyn_rfs.v:1914]
WARNING: [Synth 8-5396] Clock pin C has keep related attribute (keep/mark_debug/dont_touch) which could create extra logic on its net [c:/SOC_basic/day6_7_8/SoC/SoC.gen/sources_1/bd/SoC/ipshared/4675/hdl/axi_dwidth_converter_v2_1_vlsyn_rfs.v:1914]
WARNING: [Synth 8-5396] Clock pin C has keep related attribute (keep/mark_debug/dont_touch) which could create extra logic on its net [c:/SOC_basic/day6_7_8/SoC/SoC.gen/sources_1/bd/SoC/ipshared/4675/hdl/axi_dwidth_converter_v2_1_vlsyn_rfs.v:1914]
WARNING: [Synth 8-5396] Clock pin C has keep related attribute (keep/mark_debug/dont_touch) which could create extra logic on its net [c:/SOC_basic/day6_7_8/SoC/SoC.gen/sources_1/bd/SoC/ipshared/4675/hdl/axi_dwidth_converter_v2_1_vlsyn_rfs.v:1914]
WARNING: [Synth 8-5396] Clock pin C has keep related attribute (keep/mark_debug/dont_touch) which could create extra logic on its net [c:/SOC_basic/day6_7_8/SoC/SoC.gen/sources_1/bd/SoC/ipshared/4675/hdl/axi_dwidth_converter_v2_1_vlsyn_rfs.v:1914]
WARNING: [Synth 8-5396] Clock pin C has keep related attribute (keep/mark_debug/dont_touch) which could create extra logic on its net [c:/SOC_basic/day6_7_8/SoC/SoC.gen/sources_1/bd/SoC/ipshared/4675/hdl/axi_dwidth_converter_v2_1_vlsyn_rfs.v:1914]
WARNING: [Synth 8-5396] Clock pin C has keep related attribute (keep/mark_debug/dont_touch) which could create extra logic on its net [c:/SOC_basic/day6_7_8/SoC/SoC.gen/sources_1/bd/SoC/ipshared/4675/hdl/axi_dwidth_converter_v2_1_vlsyn_rfs.v:1914]
WARNING: [Synth 8-5396] Clock pin C has keep related attribute (keep/mark_debug/dont_touch) which could create extra logic on its net [c:/SOC_basic/day6_7_8/SoC/SoC.gen/sources_1/bd/SoC/ipshared/4675/hdl/axi_dwidth_converter_v2_1_vlsyn_rfs.v:1914]
WARNING: [Synth 8-5396] Clock pin C has keep related attribute (keep/mark_debug/dont_touch) which could create extra logic on its net [c:/SOC_basic/day6_7_8/SoC/SoC.gen/sources_1/bd/SoC/ipshared/4675/hdl/axi_dwidth_converter_v2_1_vlsyn_rfs.v:1914]
WARNING: [Synth 8-5396] Clock pin C has keep related attribute (keep/mark_debug/dont_touch) which could create extra logic on its net [c:/SOC_basic/day6_7_8/SoC/SoC.gen/sources_1/bd/SoC/ipshared/4675/hdl/axi_dwidth_converter_v2_1_vlsyn_rfs.v:1914]
WARNING: [Synth 8-5396] Clock pin C has keep related attribute (keep/mark_debug/dont_touch) which could create extra logic on its net [c:/SOC_basic/day6_7_8/SoC/SoC.gen/sources_1/bd/SoC/ipshared/4675/hdl/axi_dwidth_converter_v2_1_vlsyn_rfs.v:1914]
WARNING: [Synth 8-5396] Clock pin C has keep related attribute (keep/mark_debug/dont_touch) which could create extra logic on its net [c:/SOC_basic/day6_7_8/SoC/SoC.gen/sources_1/bd/SoC/ipshared/4675/hdl/axi_dwidth_converter_v2_1_vlsyn_rfs.v:1914]
WARNING: [Synth 8-5396] Clock pin C has keep related attribute (keep/mark_debug/dont_touch) which could create extra logic on its net [c:/SOC_basic/day6_7_8/SoC/SoC.gen/sources_1/bd/SoC/ipshared/4675/hdl/axi_dwidth_converter_v2_1_vlsyn_rfs.v:1914]
WARNING: [Synth 8-5396] Clock pin C has keep related attribute (keep/mark_debug/dont_touch) which could create extra logic on its net [c:/SOC_basic/day6_7_8/SoC/SoC.gen/sources_1/bd/SoC/ipshared/4675/hdl/axi_dwidth_converter_v2_1_vlsyn_rfs.v:1914]
WARNING: [Synth 8-5396] Clock pin C has keep related attribute (keep/mark_debug/dont_touch) which could create extra logic on its net [c:/SOC_basic/day6_7_8/SoC/SoC.gen/sources_1/bd/SoC/ipshared/4675/hdl/axi_dwidth_converter_v2_1_vlsyn_rfs.v:1914]
WARNING: [Synth 8-5396] Clock pin C has keep related attribute (keep/mark_debug/dont_touch) which could create extra logic on its net [c:/SOC_basic/day6_7_8/SoC/SoC.gen/sources_1/bd/SoC/ipshared/4675/hdl/axi_dwidth_converter_v2_1_vlsyn_rfs.v:1914]
WARNING: [Synth 8-5396] Clock pin C has keep related attribute (keep/mark_debug/dont_touch) which could create extra logic on its net [c:/SOC_basic/day6_7_8/SoC/SoC.gen/sources_1/bd/SoC/ipshared/4675/hdl/axi_dwidth_converter_v2_1_vlsyn_rfs.v:1914]
WARNING: [Synth 8-5396] Clock pin C has keep related attribute (keep/mark_debug/dont_touch) which could create extra logic on its net [c:/SOC_basic/day6_7_8/SoC/SoC.gen/sources_1/bd/SoC/ipshared/4675/hdl/axi_dwidth_converter_v2_1_vlsyn_rfs.v:1914]
WARNING: [Synth 8-5396] Clock pin C has keep related attribute (keep/mark_debug/dont_touch) which could create extra logic on its net [c:/SOC_basic/day6_7_8/SoC/SoC.gen/sources_1/bd/SoC/ipshared/4675/hdl/axi_dwidth_converter_v2_1_vlsyn_rfs.v:1914]
WARNING: [Synth 8-5396] Clock pin C has keep related attribute (keep/mark_debug/dont_touch) which could create extra logic on its net [c:/SOC_basic/day6_7_8/SoC/SoC.gen/sources_1/bd/SoC/ipshared/4675/hdl/axi_dwidth_converter_v2_1_vlsyn_rfs.v:1914]
WARNING: [Synth 8-5396] Clock pin C has keep related attribute (keep/mark_debug/dont_touch) which could create extra logic on its net [c:/SOC_basic/day6_7_8/SoC/SoC.gen/sources_1/bd/SoC/ipshared/4675/hdl/axi_dwidth_converter_v2_1_vlsyn_rfs.v:1914]
WARNING: [Synth 8-5396] Clock pin C has keep related attribute (keep/mark_debug/dont_touch) which could create extra logic on its net [c:/SOC_basic/day6_7_8/SoC/SoC.gen/sources_1/bd/SoC/ipshared/4675/hdl/axi_dwidth_converter_v2_1_vlsyn_rfs.v:1914]
WARNING: [Synth 8-5396] Clock pin C has keep related attribute (keep/mark_debug/dont_touch) which could create extra logic on its net [c:/SOC_basic/day6_7_8/SoC/SoC.gen/sources_1/bd/SoC/ipshared/4675/hdl/axi_dwidth_converter_v2_1_vlsyn_rfs.v:1914]
WARNING: [Synth 8-5396] Clock pin C has keep related attribute (keep/mark_debug/dont_touch) which could create extra logic on its net [c:/SOC_basic/day6_7_8/SoC/SoC.gen/sources_1/bd/SoC/ipshared/4675/hdl/axi_dwidth_converter_v2_1_vlsyn_rfs.v:1914]
WARNING: [Synth 8-5396] Clock pin C has keep related attribute (keep/mark_debug/dont_touch) which could create extra logic on its net [c:/SOC_basic/day6_7_8/SoC/SoC.gen/sources_1/bd/SoC/ipshared/4675/hdl/axi_dwidth_converter_v2_1_vlsyn_rfs.v:1914]
WARNING: [Synth 8-5396] Clock pin C has keep related attribute (keep/mark_debug/dont_touch) which could create extra logic on its net [c:/SOC_basic/day6_7_8/SoC/SoC.gen/sources_1/bd/SoC/ipshared/4675/hdl/axi_dwidth_converter_v2_1_vlsyn_rfs.v:1914]
WARNING: [Synth 8-5396] Clock pin C has keep related attribute (keep/mark_debug/dont_touch) which could create extra logic on its net [c:/SOC_basic/day6_7_8/SoC/SoC.gen/sources_1/bd/SoC/ipshared/4675/hdl/axi_dwidth_converter_v2_1_vlsyn_rfs.v:1914]
WARNING: [Synth 8-5396] Clock pin C has keep related attribute (keep/mark_debug/dont_touch) which could create extra logic on its net [c:/SOC_basic/day6_7_8/SoC/SoC.gen/sources_1/bd/SoC/ipshared/4675/hdl/axi_dwidth_converter_v2_1_vlsyn_rfs.v:1914]
WARNING: [Synth 8-5396] Clock pin C has keep related attribute (keep/mark_debug/dont_touch) which could create extra logic on its net [c:/SOC_basic/day6_7_8/SoC/SoC.gen/sources_1/bd/SoC/ipshared/4675/hdl/axi_dwidth_converter_v2_1_vlsyn_rfs.v:1914]
WARNING: [Synth 8-5396] Clock pin C has keep related attribute (keep/mark_debug/dont_touch) which could create extra logic on its net [c:/SOC_basic/day6_7_8/SoC/SoC.gen/sources_1/bd/SoC/ipshared/4675/hdl/axi_dwidth_converter_v2_1_vlsyn_rfs.v:1914]
WARNING: [Synth 8-5396] Clock pin C has keep related attribute (keep/mark_debug/dont_touch) which could create extra logic on its net [c:/SOC_basic/day6_7_8/SoC/SoC.gen/sources_1/bd/SoC/ipshared/4675/hdl/axi_dwidth_converter_v2_1_vlsyn_rfs.v:1914]
WARNING: [Synth 8-5396] Clock pin C has keep related attribute (keep/mark_debug/dont_touch) which could create extra logic on its net [c:/SOC_basic/day6_7_8/SoC/SoC.gen/sources_1/bd/SoC/ipshared/4675/hdl/axi_dwidth_converter_v2_1_vlsyn_rfs.v:1914]
WARNING: [Synth 8-5396] Clock pin C has keep related attribute (keep/mark_debug/dont_touch) which could create extra logic on its net [c:/SOC_basic/day6_7_8/SoC/SoC.gen/sources_1/bd/SoC/ipshared/4675/hdl/axi_dwidth_converter_v2_1_vlsyn_rfs.v:1914]
WARNING: [Synth 8-5396] Clock pin C has keep related attribute (keep/mark_debug/dont_touch) which could create extra logic on its net [c:/SOC_basic/day6_7_8/SoC/SoC.gen/sources_1/bd/SoC/ipshared/4675/hdl/axi_dwidth_converter_v2_1_vlsyn_rfs.v:1914]
WARNING: [Synth 8-5396] Clock pin C has keep related attribute (keep/mark_debug/dont_touch) which could create extra logic on its net [c:/SOC_basic/day6_7_8/SoC/SoC.gen/sources_1/bd/SoC/ipshared/4675/hdl/axi_dwidth_converter_v2_1_vlsyn_rfs.v:1914]
INFO: [Common 17-14] Message 'Synth 8-5396' appears 100 times and further instances of the messages will be disabled. Use the Tcl command set_msg_config to change the current settings.
---------------------------------------------------------------------------------
Finished IO Insertion : Time (s): cpu = 00:02:47 ; elapsed = 00:02:56 . Memory (MB): peak = 4285.664 ; gain = 2211.867
---------------------------------------------------------------------------------
---------------------------------------------------------------------------------
Start Renaming Generated Instances
---------------------------------------------------------------------------------
---------------------------------------------------------------------------------
Finished Renaming Generated Instances : Time (s): cpu = 00:02:47 ; elapsed = 00:02:56 . Memory (MB): peak = 4285.664 ; gain = 2211.867
---------------------------------------------------------------------------------
---------------------------------------------------------------------------------
Start Rebuilding User Hierarchy
---------------------------------------------------------------------------------
---------------------------------------------------------------------------------
Finished Rebuilding User Hierarchy : Time (s): cpu = 00:02:48 ; elapsed = 00:02:58 . Memory (MB): peak = 4285.664 ; gain = 2211.867
---------------------------------------------------------------------------------
---------------------------------------------------------------------------------
Start Renaming Generated Ports
---------------------------------------------------------------------------------
---------------------------------------------------------------------------------
Finished Renaming Generated Ports : Time (s): cpu = 00:02:48 ; elapsed = 00:02:58 . Memory (MB): peak = 4285.664 ; gain = 2211.867
---------------------------------------------------------------------------------
---------------------------------------------------------------------------------
Start Handling Custom Attributes
---------------------------------------------------------------------------------
---------------------------------------------------------------------------------
Finished Handling Custom Attributes : Time (s): cpu = 00:02:49 ; elapsed = 00:02:58 . Memory (MB): peak = 4285.664 ; gain = 2211.867
---------------------------------------------------------------------------------
---------------------------------------------------------------------------------
Start Renaming Generated Nets
---------------------------------------------------------------------------------
---------------------------------------------------------------------------------
Finished Renaming Generated Nets : Time (s): cpu = 00:02:49 ; elapsed = 00:02:58 . Memory (MB): peak = 4285.664 ; gain = 2211.867
---------------------------------------------------------------------------------
---------------------------------------------------------------------------------
Start ROM, RAM, DSP, Shift Register and Retiming Reporting
---------------------------------------------------------------------------------

Dynamic Shift Register Report:
+------------+----------------+--------+------------+--------+---------+--------+--------+--------+
|Module Name | RTL Name       | Length | Data Width | SRL16E | SRLC32E | Mux F7 | Mux F8 | Mux F9 | 
+------------+----------------+--------+------------+--------+---------+--------+--------+--------+
|dsrl        | memory_reg[3]  | 9      | 9          | 9      | 0       | 0      | 0      | 0      | 
|dsrl__1     | memory_reg[3]  | 2      | 2          | 2      | 0       | 0      | 0      | 0      | 
|dsrl__2     | memory_reg[31] | 34     | 34         | 0      | 34      | 0      | 0      | 0      | 
|dsrl__3     | memory_reg[31] | 2      | 2          | 0      | 2       | 0      | 0      | 0      | 
+------------+----------------+--------+------------+--------+---------+--------+--------+--------+

---------------------------------------------------------------------------------
Finished ROM, RAM, DSP, Shift Register and Retiming Reporting
---------------------------------------------------------------------------------
---------------------------------------------------------------------------------
Start Writing Synthesis Report
---------------------------------------------------------------------------------

Report BlackBoxes: 
+-+--------------+----------+
| |BlackBox name |Instances |
+-+--------------+----------+
+-+--------------+----------+

Report Cell Usage: 
+------+---------+------+
|      |Cell     |Count |
+------+---------+------+
|1     |BUFG_PS  |     2|
|2     |CARRY8   |    20|
|3     |LUT1     |   382|
|4     |LUT2     |   295|
|5     |LUT3     |   537|
|6     |LUT4     |   316|
|7     |LUT5     |   706|
|8     |LUT6     |   976|
|9     |PS8      |     1|
|10    |RAM32M16 |    10|
|11    |RAM32X1D |     4|
|12    |RAMB36E2 |     4|
|13    |SRL16    |     1|
|14    |SRL16E   |    20|
|15    |SRLC32E  |    70|
|16    |FDCE     |   163|
|17    |FDPE     |    67|
|18    |FDR      |     8|
|19    |FDRE     |  2638|
|20    |FDSE     |    47|
+------+---------+------+
---------------------------------------------------------------------------------
Finished Writing Synthesis Report : Time (s): cpu = 00:02:49 ; elapsed = 00:02:58 . Memory (MB): peak = 4285.664 ; gain = 2211.867
---------------------------------------------------------------------------------
Synthesis finished with 0 errors, 0 critical warnings and 5615 warnings.
Synthesis Optimization Runtime : Time (s): cpu = 00:01:53 ; elapsed = 00:02:41 . Memory (MB): peak = 4285.664 ; gain = 2109.543
Synthesis Optimization Complete : Time (s): cpu = 00:02:49 ; elapsed = 00:02:58 . Memory (MB): peak = 4285.664 ; gain = 2211.867
INFO: [Project 1-571] Translating synthesized netlist
Netlist sorting complete. Time (s): cpu = 00:00:00 ; elapsed = 00:00:00.356 . Memory (MB): peak = 4285.664 ; gain = 0.000
INFO: [Netlist 29-17] Analyzing 43 Unisim elements for replacement
INFO: [Netlist 29-28] Unisim Transformation completed in 0 CPU seconds
INFO: [Project 1-570] Preparing netlist for logic optimization
INFO: [Opt 31-138] Pushed 0 inverter(s) to 0 load pin(s).
Netlist sorting complete. Time (s): cpu = 00:00:00 ; elapsed = 00:00:00.004 . Memory (MB): peak = 4302.375 ; gain = 0.000
INFO: [Project 1-111] Unisim Transformation Summary:
  A total of 23 instances were transformed.
  FDR => FDRE: 8 instances
  RAM32M16 => RAM32M16 (RAMD32(x14), RAMS32(x2)): 10 instances
  RAM32X1D => RAM32X1D (RAMD32(x2)): 4 instances
  SRL16 => SRL16E: 1 instance 

Synth Design complete, checksum: 4993c0e8
INFO: [Common 17-83] Releasing license: Synthesis
260 Infos, 414 Warnings, 0 Critical Warnings and 0 Errors encountered.
synth_design completed successfully
synth_design: Time (s): cpu = 00:03:14 ; elapsed = 00:03:28 . Memory (MB): peak = 4302.375 ; gain = 3229.078
INFO: [Common 17-1381] The checkpoint 'C:/SOC_basic/day6_7_8/SoC/SoC.runs/synth_1/SoC_wrapper.dcp' has been generated.
INFO: [runtcl-4] Executing : report_utilization -file SoC_wrapper_utilization_synth.rpt -pb SoC_wrapper_utilization_synth.pb
INFO: [Common 17-206] Exiting Vivado at Wed Sep 23 12:45:25 2026...
